id_client,churn,score_churn,risque_ml
70030420,1,0.9977,Haut
70038307,1,0.9978,Haut
70038329,1,0.9978,Haut
70038348,0,0.1085,Faible
70038388,1,0.3138,Moyen
70038396,0,0.1759,Faible
70253321,0,0.1733,Faible
70253780,0,0.2263,Faible
70256364,0,0.0918,Faible
70256382,0,0.0784,Faible
70256417,0,0.2637,Faible
70283440,1,0.3325,Moyen
70283449,0,0.2237,Faible
70283450,1,0.2254,Faible
70283455,0,0.1574,Faible
70283458,0,0.4119,Moyen
70283464,1,0.9978,Haut
70283472,0,0.3988,Moyen
70287508,0,0.3525,Moyen
70287551,0,0.2651,Faible
70289359,0,0.3988,Moyen
70289626,0,0.4446,Moyen
70289721,0,0.2641,Faible
70295862,0,0.1739,Faible
70295897,1,0.9978,Haut
70634020,0,0.1714,Faible
70634224,1,0.9978,Haut
70634294,0,0.2511,Faible
70634500,0,0.244,Faible
70634732,0,0.1459,Faible
70634792,0,0.1754,Faible
72588019,0,0.4369,Moyen
72588078,0,0.0911,Faible
72588091,0,0.2167,Faible
72588100,0,0.2803,Faible
72588128,0,0.2719,Faible
72588146,0,0.4285,Moyen
72588150,0,0.2708,Faible
72588186,0,0.2525,Faible
72588243,0,0.1998,Faible
72588248,0,0.1407,Faible
72588254,0,0.3988,Moyen
72588282,0,0.2779,Faible
72588350,0,0.2995,Faible
72588365,0,0.1732,Faible
72588366,1,0.1459,Faible
72588369,0,0.1074,Faible
72588381,0,0.2719,Faible
72588382,0,0.189,Faible
72588392,0,0.1434,Faible
72588397,0,0.4263,Moyen
72588433,0,0.4022,Moyen
72588476,0,0.4263,Moyen
72588494,0,0.3017,Moyen
72588506,0,0.185,Faible
72588531,0,0.2181,Faible
72588545,0,0.1459,Faible
72588547,0,0.3186,Moyen
72588551,0,0.288,Faible
72588565,0,0.0622,Faible
72588593,0,0.3161,Moyen
72588598,0,0.3017,Moyen
72588634,0,0.4789,Moyen
72588657,0,0.1834,Faible
72588684,0,0.369,Moyen
72588685,0,0.2463,Faible
72588728,0,0.0909,Faible
72588735,0,0.2412,Faible
72588736,0,0.1828,Faible
72588742,0,0.5119,Moyen
72588744,0,0.369,Moyen
72588745,0,0.1162,Faible
72588750,0,0.2303,Faible
72588753,0,0.3232,Moyen
72588757,0,0.2536,Faible
72588760,0,0.3217,Moyen
72588789,0,0.1187,Faible
72588797,0,0.2719,Faible
72588837,0,0.4263,Moyen
72588933,0,0.1279,Faible
72588943,0,0.4263,Moyen
72588972,0,0.2247,Faible
73200012,1,0.311,Moyen
73200068,0,0.0103,Faible
73200103,1,0.3988,Moyen
73200124,0,0.0081,Faible
73200149,1,0.9978,Haut
73200177,0,0.6743,Haut
73200269,0,0.0074,Faible
73200286,1,0.9973,Haut
73200305,1,0.998,Haut
73200306,0,0.0247,Faible
73200308,0,0.0148,Faible
73200309,0,0.3388,Moyen
73200427,1,0.9977,Haut
73200435,1,0.9978,Haut
73200469,1,0.9978,Haut
73200498,1,0.9978,Haut
73200537,0,0.3232,Moyen
73200595,0,0.0314,Faible
73200597,0,0.2077,Faible
73200612,0,0.0046,Faible
73200615,0,0.0103,Faible
73200634,0,0.1664,Faible
73200647,1,0.9963,Haut
73200652,1,0.9977,Haut
73200677,0,0.0153,Faible
73200707,0,0.0091,Faible
73200792,0,0.2315,Faible
73200826,1,0.2037,Faible
73200858,1,0.9967,Haut
73200882,0,0.0966,Faible
73200902,0,0.0103,Faible
73200924,1,0.3611,Moyen
73200944,0,0.0317,Faible
73200951,1,0.9977,Haut
73200955,1,0.9978,Haut
73200958,0,0.0068,Faible
73200977,0,0.3988,Moyen
73200980,0,0.0114,Faible
73200989,0,0.0068,Faible
73200997,0,0.0266,Faible
73201002,0,0.1198,Faible
73201005,0,0.0126,Faible
73201009,0,0.0068,Faible
73201038,1,0.9978,Haut
73201045,0,0.2688,Faible
73201046,0,0.249,Faible
73201069,1,0.9978,Haut
73201076,0,0.0162,Faible
73201111,1,0.2561,Faible
73201155,0,0.1605,Faible
73201156,1,0.2724,Faible
73201157,1,0.9977,Haut
73201168,1,0.9973,Haut
73201220,0,0.3442,Moyen
73201228,0,0.0119,Faible
73201231,1,0.998,Haut
73201284,0,0.2414,Faible
73201287,0,0.0073,Faible
73201290,1,0.6443,Haut
73201317,0,0.4263,Moyen
73201326,0,0.0098,Faible
73201374,0,0.0185,Faible
73201376,0,0.3017,Moyen
73201378,0,0.008,Faible
73201448,0,0.0079,Faible
73201449,1,0.3254,Moyen
73201471,0,0.3988,Moyen
73201483,0,0.0106,Faible
73201552,0,0.0156,Faible
73201574,0,0.0124,Faible
73201577,1,0.5682,Moyen
73201590,1,0.6495,Haut
73201653,0,0.1957,Faible
73201699,1,0.9978,Haut
73201714,1,0.5884,Moyen
73201736,1,0.9978,Haut
73201738,1,0.9978,Haut
73201739,0,0.0169,Faible
73201743,1,0.9973,Haut
73201797,0,0.0074,Faible
73201845,0,0.0191,Faible
73201861,0,0.0103,Faible
73201887,0,0.167,Faible
73201913,1,0.7755,Haut
73201933,0,0.012,Faible
73201938,0,0.0162,Faible
73201939,0,0.0118,Faible
73201972,0,0.0064,Faible
73201980,0,0.2511,Faible
73202001,0,0.0101,Faible
73202040,1,0.9978,Haut
73202046,1,0.5884,Moyen
73202048,0,0.0079,Faible
73202049,1,0.3154,Moyen
73202063,1,0.9967,Haut
73202116,0,0.0096,Faible
73202129,1,0.9977,Haut
73202137,0,0.0507,Faible
73202144,0,0.0148,Faible
73202150,0,0.0133,Faible
73202170,0,0.1622,Faible
73202182,0,0.1922,Faible
73202201,0,0.0148,Faible
73202253,1,0.401,Moyen
73202267,1,0.9978,Haut
73202282,0,0.0129,Faible
73202307,1,0.4125,Moyen
73202316,0,0.0067,Faible
73202358,0,0.0135,Faible
73202365,0,0.0058,Faible
73202370,0,0.2511,Faible
73202384,0,0.0119,Faible
73202398,0,0.3468,Moyen
73202399,0,0.382,Moyen
73202425,1,0.6661,Haut
73202428,1,0.9978,Haut
73202442,1,0.9977,Haut
73202454,1,0.9978,Haut
73202467,0,0.027,Faible
73202476,0,0.3691,Moyen
73202479,0,0.3747,Moyen
73202501,0,0.0279,Faible
73202519,0,0.0134,Faible
73202524,1,0.9978,Haut
73202527,0,0.0216,Faible
73202547,0,0.3747,Moyen
73202564,0,0.5722,Moyen
73202574,0,0.0074,Faible
73202604,0,0.0088,Faible
73202665,0,0.2102,Faible
73202672,0,0.0053,Faible
73202682,0,0.0093,Faible
73202695,0,0.0314,Faible
73202704,1,0.5682,Moyen
73202710,0,0.0064,Faible
73202711,1,0.3468,Moyen
73202741,1,0.9977,Haut
73202742,0,0.0185,Faible
73202743,0,0.0116,Faible
73202757,0,0.1763,Faible
73202771,0,0.0178,Faible
73202778,0,0.3902,Moyen
73202818,0,0.0314,Faible
73202822,0,0.0067,Faible
73202848,1,0.6168,Haut
73202863,0,0.348,Moyen
73202867,1,0.4155,Moyen
73202875,0,0.1955,Faible
73202918,1,0.9978,Haut
73202930,1,0.2973,Faible
73202931,1,0.5725,Moyen
73202960,0,0.0182,Faible
73202963,1,0.9978,Haut
73202973,0,0.2183,Faible
73202983,0,0.3229,Moyen
73202984,0,0.3988,Moyen
73202989,1,0.9978,Haut
73203009,0,0.3154,Moyen
73203036,0,0.0187,Faible
73203079,1,0.2694,Faible
73203090,1,0.3466,Moyen
73203117,1,0.9978,Haut
73203139,0,0.402,Moyen
73203165,0,0.0084,Faible
73203169,0,0.0068,Faible
73203196,0,0.3192,Moyen
73203220,0,0.0047,Faible
73203228,1,0.2305,Faible
73203232,0,0.0135,Faible
73203253,0,0.6642,Haut
73203284,1,0.9973,Haut
73203291,0,0.2511,Faible
73203314,1,0.9978,Haut
73203364,1,0.9978,Haut
73203384,0,0.0738,Faible
73203392,0,0.0157,Faible
73203422,1,0.2321,Faible
73203445,0,0.0226,Faible
73203449,0,0.4684,Moyen
73203458,1,0.9978,Haut
73203511,1,0.446,Moyen
73203529,0,0.0093,Faible
73203543,0,0.0279,Faible
73203554,0,0.0097,Faible
73203564,0,0.0279,Faible
73203592,1,0.998,Haut
73203598,0,0.223,Faible
73203602,0,0.0145,Faible
73203606,0,0.0192,Faible
73203609,0,0.2173,Faible
73203630,0,0.0099,Faible
73203672,1,0.9973,Haut
73203676,1,0.6207,Haut
73203715,0,0.0099,Faible
73203738,1,0.9978,Haut
73203784,0,0.1459,Faible
73203857,0,0.0066,Faible
73203865,0,0.4177,Moyen
73203872,0,0.4146,Moyen
73203900,0,0.0103,Faible
73203946,1,0.9973,Haut
73203963,0,0.4186,Moyen
73204045,1,0.998,Haut
73204058,1,0.3702,Moyen
73204065,1,0.5884,Moyen
73204076,1,0.3161,Moyen
73204130,1,0.998,Haut
73204139,0,0.1445,Faible
73204152,0,0.5884,Moyen
73204156,0,0.4263,Moyen
73204214,0,0.3254,Moyen
73204221,1,0.9969,Haut
73204242,1,0.9973,Haut
73204260,1,0.9967,Haut
73204279,0,0.3988,Moyen
73204297,1,0.4537,Moyen
73204313,1,0.382,Moyen
73204334,1,0.9967,Haut
73204364,1,0.9967,Haut
73204402,1,0.9973,Haut
73204459,0,0.0061,Faible
73204479,1,0.9977,Haut
73204488,1,0.9977,Haut
73204515,0,0.3154,Moyen
73204518,1,0.9978,Haut
73204538,1,0.9978,Haut
73204650,0,0.1375,Faible
73204673,1,0.4447,Moyen
73204676,0,0.2511,Faible
73204760,1,0.2511,Faible
73204841,1,0.9977,Haut
73204945,1,0.0751,Faible
73204951,1,0.3468,Moyen
73204967,0,0.0113,Faible
73205173,0,0.2672,Faible
73205201,1,0.6495,Haut
73205212,0,0.0279,Faible
73205268,0,0.2511,Faible
73205310,0,0.2694,Faible
73205316,0,0.1762,Faible
73205317,0,0.1767,Faible
73205347,0,0.3904,Moyen
73205368,0,0.0274,Faible
73205407,0,0.16,Faible
73205421,1,0.3988,Moyen
73205424,0,0.1229,Faible
73205445,0,0.3691,Moyen
73205451,0,0.4263,Moyen
73205453,0,0.0937,Faible
73205475,1,0.1729,Faible
73205478,0,0.0361,Faible
73205491,1,0.9967,Haut
73205562,0,0.3468,Moyen
73205580,1,0.6661,Haut
73205591,0,0.2529,Faible
73205613,1,0.9967,Haut
73205661,0,0.0206,Faible
73205664,1,0.9977,Haut
73205711,0,0.3919,Moyen
73205735,0,0.2511,Faible
73205742,0,0.1769,Faible
73205752,0,0.3423,Moyen
73205808,0,0.3317,Moyen
73205828,0,0.0134,Faible
73205832,1,0.3893,Moyen
73205867,0,0.2779,Faible
73205904,0,0.2694,Faible
73205911,0,0.2225,Faible
73205912,1,0.5884,Moyen
73205920,1,0.9967,Haut
73205923,0,0.0274,Faible
73206007,0,0.0131,Faible
73206021,0,0.5915,Moyen
73206049,0,0.0084,Faible
73206057,0,0.0114,Faible
73206062,0,0.0279,Faible
73206071,0,0.004,Faible
73206088,0,0.0132,Faible
73206121,0,0.0099,Faible
73206122,0,0.0122,Faible
73206127,0,0.0092,Faible
73206136,0,0.0144,Faible
73206138,0,0.0091,Faible
73206145,0,0.0099,Faible
73206152,0,0.0186,Faible
73206161,0,0.1884,Faible
73206166,0,0.0243,Faible
73206205,0,0.0125,Faible
73206235,0,0.0157,Faible
73206252,0,0.0091,Faible
73206273,0,0.0202,Faible
73206278,0,0.0271,Faible
73206288,0,0.0202,Faible
73206294,0,0.0063,Faible
73206326,0,0.3258,Moyen
73206387,1,0.9978,Haut
73206423,0,0.015,Faible
73206440,1,0.9977,Haut
73206463,0,0.3161,Moyen
73206464,1,0.4197,Moyen
73206523,0,0.3232,Moyen
73206586,0,0.1203,Faible
73206590,0,0.2298,Faible
73206623,0,0.0116,Faible
73206626,0,0.01,Faible
73206636,0,0.3615,Moyen
73206662,1,0.7498,Haut
73206672,0,0.0124,Faible
73206813,0,0.1614,Faible
73206820,1,0.621,Haut
73206822,1,0.9978,Haut
73206830,0,0.382,Moyen
73206837,0,0.4186,Moyen
73206866,0,0.5987,Moyen
73206870,1,0.9978,Haut
73206885,0,0.5661,Moyen
73206890,1,0.6661,Haut
73206952,0,0.0125,Faible
73206953,1,0.0103,Faible
73206959,1,0.678,Haut
73206982,1,0.9978,Haut
73206986,0,0.4285,Moyen
73206999,1,0.5131,Moyen
73207013,1,0.9978,Haut
73207043,0,0.0102,Faible
73207046,0,0.0386,Faible
73207051,1,0.9978,Haut
73207095,0,0.0911,Faible
73207123,1,0.6183,Haut
73207124,0,0.3232,Moyen
73207161,0,0.2731,Faible
73207165,0,0.1128,Faible
73207182,0,0.01,Faible
73207190,0,0.1859,Faible
73207194,1,0.654,Haut
73207203,1,0.9977,Haut
73207310,1,0.4576,Moyen
73208013,0,0.3154,Moyen
73208023,0,0.2897,Faible
73208032,0,0.0175,Faible
73208063,0,0.3905,Moyen
73208072,0,0.3163,Moyen
73208078,0,0.0909,Faible
73208115,1,0.7858,Haut
73208132,1,0.9978,Haut
73208162,1,0.9978,Haut
73208167,1,0.9969,Haut
73208199,0,0.4397,Moyen
73208238,1,0.3302,Moyen
73208239,0,0.2566,Faible
73208263,0,0.3399,Moyen
73208278,1,0.9978,Haut
73208279,0,0.0124,Faible
73208281,1,0.9978,Haut
73208286,1,0.3099,Moyen
73208337,1,0.3919,Moyen
73208358,0,0.382,Moyen
73208360,1,0.5682,Moyen
73208391,1,0.9969,Haut
73208407,1,0.9978,Haut
73208419,0,0.4174,Moyen
73208423,0,0.3154,Moyen
73208431,1,0.9964,Haut
73208441,0,0.4908,Moyen
73208513,1,0.2511,Faible
73208516,1,0.9978,Haut
73208537,1,0.9978,Haut
73208544,1,0.589,Moyen
73208545,1,0.9973,Haut
73208546,0,0.3988,Moyen
73208547,0,0.0185,Faible
73208553,0,0.1315,Faible
73208562,1,0.9978,Haut
73208616,1,0.9978,Haut
73208632,0,0.2503,Faible
73208640,0,0.1884,Faible
73208642,0,0.2731,Faible
73208648,0,0.0149,Faible
73208656,0,0.314,Moyen
73209118,1,0.9978,Haut
73209167,0,0.4424,Moyen
73209210,1,0.9977,Haut
73209213,0,0.0314,Faible
73209250,0,0.0198,Faible
73209417,1,0.9978,Haut
73209426,1,0.4171,Moyen
73209457,1,0.9978,Haut
73209504,0,0.0066,Faible
73209562,0,0.4571,Moyen
73209567,1,0.2525,Faible
73209579,0,0.2516,Faible
73209650,0,0.1054,Faible
73209717,1,0.4876,Moyen
73209720,1,0.9978,Haut
73209766,0,0.3942,Moyen
73209796,0,0.0089,Faible
73209806,1,0.9977,Haut
73209836,1,0.4263,Moyen
73209908,0,0.0167,Faible
73209961,0,0.5884,Moyen
73209972,0,0.014,Faible
73210004,0,0.011,Faible
73210024,0,0.1928,Faible
73210103,0,0.0078,Faible
73210106,0,0.0078,Faible
73210127,0,0.0069,Faible
73210132,0,0.4022,Moyen
73210150,1,0.9977,Haut
73210176,0,0.0181,Faible
73210199,0,0.0314,Faible
73210244,1,0.998,Haut
73210274,0,0.012,Faible
73210280,0,0.0073,Faible
73210284,0,0.0314,Faible
73210307,0,0.1388,Faible
73210315,0,0.0198,Faible
73210320,0,0.0115,Faible
73210335,1,0.9967,Haut
73210341,0,0.0317,Faible
73210391,0,0.0091,Faible
73210397,0,0.0074,Faible
73210410,0,0.0068,Faible
73210411,1,0.3988,Moyen
73210422,0,0.0103,Faible
73210470,1,0.3683,Moyen
73210472,0,0.0078,Faible
73210489,0,0.0067,Faible
73210495,0,0.0067,Faible
73210507,1,0.0126,Faible
73210519,0,0.0211,Faible
73210528,0,0.0758,Faible
73210538,0,0.0279,Faible
73210549,1,0.9973,Haut
73210552,0,0.0054,Faible
73210571,0,0.0156,Faible
73210581,1,0.9973,Haut
73210608,0,0.1814,Faible
73210642,0,0.2511,Faible
73210655,0,0.3747,Moyen
73210656,0,0.3266,Moyen
73210668,0,0.0167,Faible
73210708,0,0.0123,Faible
73210725,0,0.0078,Faible
73210727,1,0.998,Haut
73210752,0,0.0117,Faible
73210764,0,0.019,Faible
73210772,0,0.0675,Faible
73210781,0,0.0149,Faible
73210795,0,0.012,Faible
73210796,1,0.9978,Haut
73210801,0,0.0104,Faible
73210813,0,0.0069,Faible
73210823,0,0.4281,Moyen
73210830,0,0.1317,Faible
73210837,0,0.0237,Faible
73210847,0,0.0127,Faible
73210848,0,0.0088,Faible
73210853,0,0.0094,Faible
73210866,0,0.0101,Faible
73210870,0,0.0064,Faible
73210877,0,0.2511,Faible
73210890,0,0.1887,Faible
73210965,1,0.9978,Haut
73210977,0,0.006,Faible
73210981,0,0.0274,Faible
73210989,0,0.0126,Faible
73211004,0,0.2593,Faible
73211025,1,0.5501,Moyen
73211036,0,0.0073,Faible
73211047,0,0.2724,Faible
73211115,0,0.0314,Faible
73211126,1,0.7858,Haut
73211131,0,0.0133,Faible
73211132,0,0.0279,Faible
73211140,0,0.0108,Faible
73211161,0,0.0078,Faible
73211177,0,0.006,Faible
73211206,1,0.6661,Haut
73211208,0,0.0314,Faible
73211210,0,0.0226,Faible
73211212,1,0.9977,Haut
73211213,0,0.0081,Faible
73211222,1,0.9973,Haut
73211223,0,0.0151,Faible
73211240,0,0.1459,Faible
73211257,0,0.017,Faible
73211288,0,0.0273,Faible
73211317,0,0.0074,Faible
73211320,0,0.0237,Faible
73211348,1,0.9978,Haut
73211367,0,0.5176,Moyen
73211376,0,0.0116,Faible
73211414,0,0.0099,Faible
73211429,0,0.0103,Faible
73211458,0,0.0071,Faible
73211510,0,0.4146,Moyen
73211516,1,0.2732,Faible
73211542,1,0.998,Haut
73211559,0,0.0114,Faible
73211560,1,0.5283,Moyen
73211599,0,0.0116,Faible
73211601,0,0.014,Faible
73211614,0,0.0314,Faible
73211630,1,0.5405,Moyen
73211675,0,0.0158,Faible
73211695,0,0.3017,Moyen
73211730,0,0.0112,Faible
73211736,0,0.019,Faible
73211737,0,0.0157,Faible
73211751,1,0.9964,Haut
73211767,0,0.015,Faible
73211803,0,0.0206,Faible
73211818,1,0.6946,Haut
73211848,1,0.3988,Moyen
73211883,0,0.0091,Faible
73211911,0,0.0279,Faible
73211918,0,0.3988,Moyen
73211926,1,0.3988,Moyen
73211947,0,0.011,Faible
73211978,0,0.0126,Faible
73211980,0,0.3893,Moyen
73212033,1,0.4927,Moyen
73212049,0,0.006,Faible
73212051,0,0.0094,Faible
73212061,0,0.0127,Faible
73212077,0,0.0114,Faible
73212084,0,0.1345,Faible
73212087,0,0.0126,Faible
73212107,0,0.0153,Faible
73212109,0,0.1363,Faible
73212125,0,0.0122,Faible
73212127,0,0.0259,Faible
73212132,1,0.9977,Haut
73212157,0,0.012,Faible
73212161,0,0.011,Faible
73212167,0,0.0068,Faible
73212173,0,0.0108,Faible
73212176,0,0.0129,Faible
73212181,0,0.0162,Faible
73212185,0,0.2511,Faible
73212199,0,0.0146,Faible
73212207,1,0.3904,Moyen
73212218,1,0.9978,Haut
73212249,0,0.0091,Faible
73212305,0,0.0103,Faible
73212308,1,0.9978,Haut
73212309,0,0.0279,Faible
73212343,1,0.3388,Moyen
73212355,0,0.0124,Faible
73212364,0,0.3161,Moyen
73212385,0,0.4146,Moyen
73212391,0,0.0069,Faible
73212402,0,0.3163,Moyen
73212403,0,0.0597,Faible
73212407,0,0.0064,Faible
73212413,0,0.0671,Faible
73212417,0,0.0237,Faible
73212454,1,0.9978,Haut
73212459,0,0.0198,Faible
73212462,0,0.0068,Faible
73212472,0,0.0179,Faible
73212481,0,0.0314,Faible
73212499,0,0.2679,Faible
73212501,0,0.3624,Moyen
73212514,0,0.0095,Faible
73212528,0,0.0109,Faible
73212536,0,0.0909,Faible
73212537,1,0.3902,Moyen
73212538,0,0.1565,Faible
73212539,0,0.0128,Faible
73212540,0,0.0068,Faible
73212552,1,0.9978,Haut
73212553,0,0.0132,Faible
73212563,0,0.0091,Faible
73212567,0,0.3451,Moyen
73212569,0,0.0138,Faible
73212571,0,0.0325,Faible
73212572,1,0.605,Haut
73212574,0,0.3988,Moyen
73212581,0,0.1171,Faible
73212594,0,0.3393,Moyen
73212614,0,0.0157,Faible
73212615,1,0.9973,Haut
73212616,0,0.0078,Faible
73212622,1,0.3451,Moyen
73212636,1,0.9978,Haut
73212645,0,0.0133,Faible
73212649,0,0.402,Moyen
73212652,0,0.0107,Faible
73212653,0,0.2479,Faible
73212659,0,0.0221,Faible
73212702,0,0.0142,Faible
73212708,0,0.011,Faible
73212715,0,0.0114,Faible
73212724,1,0.3232,Moyen
73212730,1,0.9978,Haut
73212738,0,0.0314,Faible
73212750,0,0.0073,Faible
73212762,0,0.3988,Moyen
73212764,0,0.0249,Faible
73212772,0,0.0179,Faible
73212779,1,0.9978,Haut
73212797,0,0.0154,Faible
73212802,0,0.01,Faible
73212808,1,0.9977,Haut
73212810,1,0.2745,Faible
73212811,0,0.3988,Moyen
73212819,0,0.1556,Faible
73212820,0,0.0092,Faible
73212826,0,0.0409,Faible
73212827,0,0.0081,Faible
73212830,0,0.0146,Faible
73212837,1,0.9969,Haut
73212840,1,0.6213,Haut
73212844,0,0.0159,Faible
73212848,0,0.0229,Faible
73212851,1,0.9978,Haut
73212855,0,0.0067,Faible
73212861,0,0.02,Faible
73212870,1,0.9969,Haut
73212872,1,0.3232,Moyen
73212877,0,0.0197,Faible
73212880,0,0.0162,Faible
73212881,0,0.5102,Moyen
73212894,0,0.0237,Faible
73212897,0,0.3451,Moyen
73212898,0,0.1307,Faible
73212902,1,0.2349,Faible
73212910,0,0.0114,Faible
73212911,0,0.0153,Faible
73212913,0,0.249,Faible
73212915,0,0.0135,Faible
73212927,0,0.3161,Moyen
73212934,0,0.009,Faible
73212937,1,0.9978,Haut
73212942,0,0.1802,Faible
73212954,1,0.3893,Moyen
73212960,0,0.0556,Faible
73212963,0,0.1272,Faible
73212965,1,0.7187,Haut
73212969,0,0.0133,Faible
73212973,0,0.0237,Faible
73212981,0,0.0189,Faible
73212982,1,0.9978,Haut
73212984,0,0.0103,Faible
73212989,0,0.0096,Faible
73212991,1,0.9978,Haut
73212992,0,0.0175,Faible
73212999,0,0.4529,Moyen
73213001,0,0.01,Faible
73213003,0,0.0314,Faible
73213004,0,0.6382,Haut
73213006,0,0.0068,Faible
73213008,0,0.0091,Faible
73213009,0,0.0133,Faible
73213010,0,0.017,Faible
73213017,1,0.9978,Haut
73213018,0,0.402,Moyen
73213019,1,0.4491,Moyen
73213023,0,0.0135,Faible
73213027,0,0.3262,Moyen
73213028,1,0.9973,Haut
73213035,0,0.01,Faible
73213037,0,0.0121,Faible
73213038,1,0.9973,Haut
73213041,0,0.0243,Faible
73213046,0,0.0758,Faible
73213049,0,0.0314,Faible
73213050,0,0.0078,Faible
73213052,0,0.0116,Faible
73213053,1,0.3154,Moyen
73213057,0,0.0153,Faible
73213060,0,0.0151,Faible
73213061,0,0.1459,Faible
73213062,0,0.0191,Faible
73213068,1,0.3551,Moyen
73213074,0,0.0084,Faible
73213075,0,0.0082,Faible
73213084,0,0.0314,Faible
73213089,1,0.5945,Moyen
73213090,0,0.0196,Faible
73213096,0,0.0247,Faible
73213098,0,0.0164,Faible
73213107,0,0.0092,Faible
73213108,0,0.0169,Faible
73213116,0,0.0171,Faible
73213118,0,0.014,Faible
73213125,0,0.4263,Moyen
73213140,0,0.0069,Faible
73213142,0,0.0173,Faible
73213143,0,0.1329,Faible
73213144,0,0.0131,Faible
73213146,0,0.0053,Faible
73213148,1,0.9969,Haut
73213192,1,0.9978,Haut
73213257,0,0.2274,Faible
73213258,0,0.0231,Faible
73213262,0,0.0206,Faible
73213274,0,0.0237,Faible
73213330,0,0.0197,Faible
73213539,0,0.0093,Faible
73213600,0,0.0274,Faible
73213617,0,0.3468,Moyen
73214044,0,0.0562,Faible
73214240,0,0.016,Faible
73214244,0,0.0074,Faible
73214410,0,0.0075,Faible
73214450,0,0.0078,Faible
73214496,0,0.0081,Faible
73214751,0,0.0089,Faible
73214983,0,0.0068,Faible
73215006,0,0.011,Faible
73215156,0,0.0093,Faible
73215339,1,0.998,Haut
73216032,0,0.2386,Faible
73216035,0,0.1557,Faible
73216080,0,0.5225,Moyen
73216092,0,0.1459,Faible
73216132,0,0.2898,Faible
73216140,0,0.2818,Faible
73216158,0,0.3232,Moyen
73216160,0,0.5722,Moyen
73216170,1,0.9978,Haut
73216224,0,0.3977,Moyen
73216226,0,0.2775,Faible
73216236,0,0.0937,Faible
73216241,0,0.5179,Moyen
73216265,0,0.382,Moyen
73216288,1,0.9978,Haut
73216290,1,0.9973,Haut
73216307,0,0.1817,Faible
73216325,0,0.3919,Moyen
73216358,1,0.3232,Moyen
73216368,0,0.292,Faible
73216409,0,0.369,Moyen
73216413,0,0.3988,Moyen
73216419,0,0.3383,Moyen
73216435,0,0.6642,Haut
73216437,0,0.0085,Faible
73216443,0,0.2786,Faible
73216446,1,0.9978,Haut
73216463,0,0.0141,Faible
73216469,0,0.0196,Faible
73216471,1,0.998,Haut
73216477,1,0.9978,Haut
73216482,0,0.0076,Faible
73216629,0,0.0148,Faible
73216738,0,0.3968,Moyen
73216752,1,0.9978,Haut
73216917,0,0.0444,Faible
73217314,0,0.0093,Faible
73217407,0,0.1767,Faible
73217409,1,0.9973,Haut
73217411,0,0.3451,Moyen
73217448,0,0.1761,Faible
73217449,1,0.9969,Haut
73217572,1,0.9978,Haut
73217748,1,0.9978,Haut
73218211,1,0.2441,Faible
73218213,0,0.0098,Faible
73218214,0,0.3968,Moyen
73218223,0,0.3988,Moyen
73218401,1,0.9977,Haut
73218425,0,0.3919,Moyen
73218440,1,0.3319,Moyen
73218463,1,0.2511,Faible
73218470,1,0.9977,Haut
73218495,0,0.382,Moyen
73218786,0,0.3451,Moyen
73219049,1,0.5884,Moyen
73219060,0,0.1459,Faible
73219065,0,0.2571,Faible
73219101,1,0.4186,Moyen
73219104,0,0.2959,Faible
73219171,1,0.4529,Moyen
73219348,1,0.9977,Haut
73219353,1,0.4263,Moyen
73219369,1,0.3232,Moyen
73219383,0,0.3691,Moyen
73219399,0,0.3417,Moyen
73219433,0,0.3697,Moyen
73219456,0,0.4263,Moyen
73219462,1,0.9978,Haut
73220004,1,0.9977,Haut
73220006,0,0.1743,Faible
73220059,0,0.2714,Faible
73220067,1,0.9978,Haut
73220107,1,0.9973,Haut
73220134,0,0.4899,Moyen
73220136,1,0.3988,Moyen
73220171,1,0.6495,Haut
73220223,1,0.9978,Haut
73220272,1,0.5774,Moyen
73220375,1,0.9978,Haut
73220392,0,0.3315,Moyen
73220409,1,0.9978,Haut
73220432,1,0.9969,Haut
73220452,1,0.2167,Faible
73220469,0,0.0135,Faible
73220471,0,0.1627,Faible
73220492,1,0.9973,Haut
73220512,0,0.6807,Haut
73220514,0,0.2718,Faible
73220518,1,0.9978,Haut
73220522,0,0.0114,Faible
73220534,0,0.0684,Faible
73220566,0,0.5347,Moyen
73220584,0,0.4789,Moyen
73220600,0,0.0075,Faible
73220645,1,0.9967,Haut
73220647,0,0.3232,Moyen
73220745,0,0.3154,Moyen
73220763,0,0.0271,Faible
73220793,1,0.4263,Moyen
73220837,1,0.9973,Haut
73220855,0,0.0237,Faible
73220859,0,0.2787,Faible
73220883,0,0.3132,Moyen
73220902,0,0.4164,Moyen
73220980,0,0.1442,Faible
73220981,0,0.0314,Faible
73220987,0,0.3268,Moyen
73221017,0,0.1759,Faible
73221078,0,0.5543,Moyen
73221083,0,0.3468,Moyen
73221099,0,0.0215,Faible
73221112,0,0.0084,Faible
73221118,0,0.3988,Moyen
73221121,0,0.0279,Faible
73221131,1,0.5052,Moyen
73221146,1,0.2731,Faible
73221150,0,0.013,Faible
73221161,0,0.0185,Faible
73221169,1,0.9978,Haut
73221218,0,0.4263,Moyen
73221233,1,0.3919,Moyen
73221236,0,0.4098,Moyen
73221254,1,0.4177,Moyen
73221260,0,0.0178,Faible
73221262,0,0.0234,Faible
73221264,1,0.9977,Haut
73221275,0,0.2848,Faible
73221277,0,0.0133,Faible
73221299,1,0.9978,Haut
73221309,0,0.5254,Moyen
73221314,0,0.4187,Moyen
73221324,1,0.3728,Moyen
73221337,0,0.3988,Moyen
73221342,0,0.0091,Faible
73221348,0,0.5821,Moyen
73221351,0,0.0169,Faible
73221352,0,0.0188,Faible
73221359,1,0.9978,Haut
73221369,0,0.0301,Faible
73221370,0,0.3211,Moyen
73221387,0,0.2115,Faible
73221392,1,0.9978,Haut
73221393,0,0.0103,Faible
73221405,0,0.0119,Faible
73221413,0,0.2575,Faible
73221415,0,0.0079,Faible
73221417,0,0.2719,Faible
73221418,0,0.2433,Faible
73221422,1,0.5387,Moyen
73221426,0,0.0099,Faible
73221434,1,0.9973,Haut
73221437,1,0.9978,Haut
73221438,0,0.3154,Moyen
73221443,0,0.2511,Faible
73221448,1,0.9978,Haut
73221450,0,0.3691,Moyen
73221451,0,0.3919,Moyen
73221457,1,0.9977,Haut
73221462,0,0.2719,Faible
73221470,0,0.3988,Moyen
73221476,0,0.3232,Moyen
73221480,0,0.2511,Faible
73221483,0,0.0285,Faible
73221491,0,0.382,Moyen
73221497,0,0.3988,Moyen
73221510,0,0.2274,Faible
73221530,1,0.9978,Haut
73221550,1,0.9969,Haut
73221551,0,0.3942,Moyen
73221556,0,0.019,Faible
73221558,1,0.9978,Haut
73221569,0,0.4244,Moyen
73221574,0,0.2847,Faible
73221576,0,0.0088,Faible
73221578,0,0.0085,Faible
73221584,1,0.3988,Moyen
73221586,0,0.1459,Faible
73221592,1,0.9978,Haut
73221593,1,0.9978,Haut
73221611,0,0.4144,Moyen
73221618,0,0.0079,Faible
73221630,0,0.0099,Faible
73221643,0,0.2731,Faible
73221646,0,0.3232,Moyen
73221648,0,0.0092,Faible
73221650,0,0.3163,Moyen
73221667,0,0.0139,Faible
73221690,0,0.382,Moyen
73221698,0,0.0101,Faible
73221699,0,0.3232,Moyen
73221705,0,0.0116,Faible
73221706,0,0.1923,Faible
73221708,0,0.0314,Faible
73221714,0,0.1968,Faible
73221724,0,0.0237,Faible
73221821,0,0.2226,Faible
73222022,0,0.0078,Faible
73222322,1,0.9977,Haut
73222357,1,0.9973,Haut
73222371,1,0.9978,Haut
73222727,0,0.0079,Faible
73222915,0,0.0078,Faible
73223763,0,0.0078,Faible
73223840,0,0.0068,Faible
73223888,0,0.0138,Faible
73224008,1,0.402,Moyen
73224047,0,0.0108,Faible
73224076,1,0.3021,Moyen
73224116,1,0.589,Moyen
73224124,1,0.9973,Haut
73224131,0,0.016,Faible
73224132,1,0.0134,Faible
73224144,0,0.3617,Moyen
73224145,0,0.1626,Faible
73224208,1,0.9977,Haut
73224209,1,0.9978,Haut
73224211,0,0.2959,Faible
73224223,1,0.9978,Haut
73224226,1,0.9977,Haut
73224267,0,0.0286,Faible
73224277,1,0.9978,Haut
73224280,1,0.9978,Haut
73224282,1,0.9978,Haut
73224288,0,0.1632,Faible
73224291,0,0.3691,Moyen
73224326,1,0.9978,Haut
73224364,0,0.402,Moyen
73224365,1,0.9977,Haut
73224383,0,0.0068,Faible
73224417,0,0.0101,Faible
73224439,1,0.3988,Moyen
73224442,1,0.9967,Haut
73224455,0,0.3077,Moyen
73224503,0,0.0082,Faible
73224573,0,0.0063,Faible
73224588,0,0.0286,Faible
73224864,1,0.9977,Haut
73224893,0,0.0078,Faible
73224912,0,0.0083,Faible
73225100,0,0.0232,Faible
73225120,0,0.0472,Faible
73225676,0,0.0094,Faible
73226356,1,0.9977,Haut
73226605,0,0.0119,Faible
73226697,0,0.0112,Faible
73227013,1,0.9967,Haut
73227090,0,0.0078,Faible
73227257,0,0.0063,Faible
73227286,0,0.0075,Faible
73227334,1,0.3468,Moyen
73227860,0,0.0093,Faible
73228314,0,0.0207,Faible
73228555,0,0.0053,Faible
73228726,0,0.0093,Faible
73228873,0,0.0081,Faible
73229484,1,0.9973,Haut
73229575,1,0.9978,Haut
73229948,0,0.0068,Faible
73230018,0,0.2892,Faible
73230024,0,0.3161,Moyen
73230066,0,0.1974,Faible
73230106,0,0.0148,Faible
73230118,0,0.3902,Moyen
73230128,0,0.3073,Moyen
73230143,1,0.9978,Haut
73230166,1,0.9978,Haut
73230176,1,0.9978,Haut
73230227,0,0.4789,Moyen
73230247,1,0.9977,Haut
73230249,0,0.0886,Faible
73230251,0,0.2511,Faible
73230301,1,0.9978,Haut
73230307,0,0.0206,Faible
73230314,0,0.2138,Faible
73230370,0,0.0054,Faible
73230502,1,0.9978,Haut
73230579,1,0.9978,Haut
73230604,1,0.9978,Haut
73230607,0,0.025,Faible
73230647,0,0.0581,Faible
73230857,0,0.0068,Faible
73230879,0,0.0123,Faible
73230963,0,0.0153,Faible
73230968,0,0.4263,Moyen
73230969,1,0.9967,Haut
73230971,0,0.3967,Moyen
73231013,0,0.5402,Moyen
73231072,0,0.3624,Moyen
73231074,0,0.0091,Faible
73231079,1,0.9977,Haut
73231082,0,0.382,Moyen
73231119,1,0.9978,Haut
73231179,1,0.621,Haut
73231192,0,0.3893,Moyen
73231256,0,0.3968,Moyen
73231257,1,0.9978,Haut
73231327,1,0.4162,Moyen
73231328,0,0.6661,Haut
73231345,1,0.9977,Haut
73231358,0,0.0348,Faible
73231369,0,0.2642,Faible
73231376,1,0.9977,Haut
73231382,0,0.2167,Faible
73231392,1,0.9978,Haut
73231464,1,0.9978,Haut
73231472,1,0.9978,Haut
73231505,0,0.0184,Faible
73231604,0,0.18,Faible
73231659,1,0.9978,Haut
73231716,1,0.9967,Haut
73231729,1,0.3232,Moyen
73231788,1,0.3978,Moyen
73231841,1,0.3988,Moyen
73231915,1,0.9978,Haut
73231928,0,0.2195,Faible
73231966,1,0.9977,Haut
73231993,0,0.0125,Faible
73232001,1,0.3423,Moyen
73232190,0,0.3988,Moyen
73232198,0,0.0234,Faible
73232201,0,0.0134,Faible
73232213,0,0.621,Haut
73232240,1,0.9977,Haut
73232274,0,0.3154,Moyen
73232320,1,0.9967,Haut
73232409,0,0.2337,Faible
73232433,1,0.9978,Haut
73232495,0,0.009,Faible
73232505,1,0.9978,Haut
73232509,0,0.4839,Moyen
73232567,1,0.9978,Haut
73232609,0,0.3893,Moyen
73232912,0,0.0115,Faible
73232982,1,0.9978,Haut
73233016,1,0.9973,Haut
73233029,0,0.0045,Faible
73233048,0,0.0234,Faible
73233216,0,0.0151,Faible
73233693,0,0.0203,Faible
73233722,1,0.9977,Haut
73234060,0,0.0286,Faible
73234097,0,0.0252,Faible
73234111,0,0.0487,Faible
73234156,0,0.2575,Faible
73234351,0,0.0083,Faible
73234407,0,0.0154,Faible
73234812,0,0.0093,Faible
73234823,0,0.0108,Faible
73234838,0,0.0131,Faible
73235000,0,0.0098,Faible
73235278,0,0.0192,Faible
73235400,1,0.9978,Haut
73235713,0,0.0759,Faible
73235859,0,0.0274,Faible
73237113,1,0.9973,Haut
73237396,0,0.0101,Faible
73237563,1,0.9977,Haut
73238032,0,0.0092,Faible
73238033,0,0.0108,Faible
73238037,0,0.32,Moyen
73238088,0,0.0134,Faible
73238145,0,0.3893,Moyen
73238235,1,0.5987,Moyen
73238307,0,0.0054,Faible
73238351,1,0.4155,Moyen
73238393,0,0.2703,Faible
73238410,0,0.0085,Faible
73238487,1,0.9977,Haut
73238560,0,0.0173,Faible
73238714,0,0.0409,Faible
73238741,0,0.3149,Moyen
73238849,0,0.5884,Moyen
73238867,0,0.3036,Moyen
73238884,0,0.2597,Faible
73238895,1,0.9978,Haut
73238907,0,0.382,Moyen
73239002,0,0.1931,Faible
73239005,1,0.678,Haut
73239012,1,0.5254,Moyen
73239029,1,0.9978,Haut
73239033,1,0.1968,Faible
73239046,1,0.9977,Haut
73239049,1,0.4789,Moyen
73239054,1,0.3468,Moyen
73239055,0,0.0094,Faible
73239059,0,0.1864,Faible
73239060,0,0.382,Moyen
73239062,0,0.0114,Faible
73239066,0,0.3691,Moyen
73239073,0,0.1476,Faible
73239075,1,0.9978,Haut
73239077,0,0.0119,Faible
73239086,0,0.402,Moyen
73239097,0,0.0138,Faible
73239101,0,0.2033,Faible
73239106,0,0.414,Moyen
73239107,1,0.382,Moyen
73239120,0,0.4155,Moyen
73239123,0,0.2511,Faible
73239124,1,0.9978,Haut
73239126,0,0.3988,Moyen
73239127,1,0.9978,Haut
73239129,1,0.68,Haut
73239131,0,0.3988,Moyen
73239137,1,0.9978,Haut
73239150,0,0.449,Moyen
73239159,0,0.3154,Moyen
73239162,1,0.5387,Moyen
73239168,1,0.9978,Haut
73239169,0,0.28,Faible
73239182,0,0.0095,Faible
73239196,0,0.1444,Faible
73240026,0,0.2511,Faible
73240067,1,0.9977,Haut
73240092,0,0.2657,Faible
73240109,0,0.3468,Moyen
73240182,1,0.3451,Moyen
73240232,0,0.5682,Moyen
73240259,0,0.143,Faible
73240304,0,0.3696,Moyen
73240318,0,0.3988,Moyen
73240328,0,0.3468,Moyen
73240395,0,0.0131,Faible
73240407,1,0.4203,Moyen
73240429,1,0.3451,Moyen
73240430,0,0.0148,Faible
73240494,0,0.3814,Moyen
73240504,1,0.9977,Haut
73240526,0,0.3232,Moyen
73240527,1,0.4768,Moyen
73240529,0,0.184,Faible
73240542,0,0.5884,Moyen
73240549,0,0.0149,Faible
73240550,0,0.0078,Faible
73240577,0,0.0185,Faible
73240594,0,0.0084,Faible
73240596,1,0.9977,Haut
73240627,1,0.9967,Haut
73240650,0,0.2385,Faible
73240672,0,0.3014,Moyen
73240697,1,0.4263,Moyen
73240705,0,0.2686,Faible
73240708,0,0.2138,Faible
73240741,1,0.2238,Faible
73240745,1,0.9978,Haut
73240747,0,0.2529,Faible
73240755,0,0.3285,Moyen
73240780,0,0.0087,Faible
73240814,0,0.31,Moyen
73240873,0,0.0101,Faible
73240939,1,0.5606,Moyen
73240964,1,0.9977,Haut
73240965,1,0.9978,Haut
73241016,0,0.3988,Moyen
73241021,1,0.2511,Faible
73241066,0,0.3118,Moyen
73241098,0,0.5682,Moyen
73241106,1,0.9977,Haut
73241134,0,0.303,Moyen
73241137,0,0.3077,Moyen
73241279,0,0.0785,Faible
73241292,0,0.3468,Moyen
73241354,1,0.9978,Haut
73241417,0,0.2136,Faible
73241453,0,0.0083,Faible
73241484,0,0.026,Faible
73241569,1,0.9969,Haut
73241591,0,0.2511,Faible
73241603,0,0.1866,Faible
73241627,1,0.9967,Haut
73241632,0,0.009,Faible
73241661,0,0.5402,Moyen
73241666,1,0.3602,Moyen
73241671,0,0.2331,Faible
73241725,0,0.2511,Faible
73241729,0,0.0758,Faible
73241763,1,0.9978,Haut
73241769,1,0.9973,Haut
73241818,1,0.2776,Faible
73241830,1,0.3431,Moyen
73241868,0,0.0134,Faible
73241888,0,0.31,Moyen
73241907,1,0.2754,Faible
73241913,0,0.3988,Moyen
73241941,0,0.3154,Moyen
73241955,1,0.9978,Haut
73241966,0,0.5682,Moyen
73241999,0,0.4506,Moyen
73242002,0,0.0076,Faible
73242007,1,0.5682,Moyen
73242010,1,0.9977,Haut
73242061,1,0.9978,Haut
73242111,0,0.383,Moyen
73242162,0,0.0148,Faible
73242166,1,0.9967,Haut
73242167,0,0.0091,Faible
73242176,0,0.3232,Moyen
73242191,0,0.2511,Faible
73242230,1,0.9978,Haut
73242297,0,0.01,Faible
73242306,0,0.0067,Faible
73242353,0,0.0562,Faible
73242386,1,0.9977,Haut
73242431,0,0.3702,Moyen
73242455,0,0.0175,Faible
73242456,0,0.0562,Faible
73242486,0,0.0032,Faible
73242493,1,0.3564,Moyen
73242494,0,0.4267,Moyen
73242499,0,0.2399,Faible
73242561,0,0.0083,Faible
73242562,1,0.9978,Haut
73242589,0,0.3154,Moyen
73242602,0,0.0237,Faible
73242611,0,0.18,Faible
73242612,0,0.3232,Moyen
73242622,0,0.2637,Faible
73242630,0,0.402,Moyen
73242660,0,0.1225,Faible
73242669,0,0.2308,Faible
73242704,1,0.5115,Moyen
73242718,0,0.3254,Moyen
73242732,0,0.2081,Faible
73242755,0,0.3988,Moyen
73242774,0,0.0141,Faible
73242785,0,0.4263,Moyen
73242804,1,0.9977,Haut
73242813,0,0.3017,Moyen
73242828,0,0.3942,Moyen
73242858,1,0.9978,Haut
73242862,1,0.9978,Haut
73242904,1,0.9978,Haut
73242921,1,0.9978,Haut
73242936,1,0.998,Haut
73242946,0,0.0078,Faible
73243018,1,0.5402,Moyen
73243026,1,0.9977,Haut
73243031,0,0.2495,Faible
73243038,1,0.2309,Faible
73243086,1,0.9977,Haut
73243115,0,0.3468,Moyen
73243130,1,0.9977,Haut
73243133,0,0.382,Moyen
73243153,0,0.3621,Moyen
73243204,0,0.2594,Faible
73243232,0,0.1759,Faible
73243277,0,0.2407,Faible
73243308,1,0.3962,Moyen
73243328,0,0.2511,Faible
73243433,0,0.2878,Faible
73243451,1,0.9973,Haut
73243516,0,0.0134,Faible
73243552,1,0.9977,Haut
73243613,1,0.9967,Haut
73243618,1,0.2999,Faible
73243633,1,0.9967,Haut
73243634,0,0.2797,Faible
73243667,0,0.4263,Moyen
73243673,0,0.0078,Faible
73243773,0,0.5884,Moyen
73243799,1,0.9977,Haut
73243830,1,0.9977,Haut
73243904,1,0.3232,Moyen
73243908,1,0.9977,Haut
73243925,1,0.2775,Faible
73243944,1,0.9978,Haut
73243974,1,0.9978,Haut
73243981,0,0.2229,Faible
73243982,0,0.5682,Moyen
73244012,0,0.3988,Moyen
73244030,1,0.9977,Haut
73244037,0,0.2004,Faible
73244071,0,0.2731,Faible
73244080,1,0.6495,Haut
73244156,1,0.9969,Haut
73244195,0,0.2055,Faible
73244221,0,0.2878,Faible
73244228,0,0.0167,Faible
73244279,0,0.1335,Faible
73244315,1,0.3451,Moyen
73244316,0,0.2878,Faible
73244323,1,0.9978,Haut
73244326,1,0.3294,Moyen
73244338,0,0.2506,Faible
73244343,0,0.5884,Moyen
73244344,1,0.9977,Haut
73244349,1,0.3942,Moyen
73244352,1,0.9977,Haut
73244354,1,0.5884,Moyen
73244374,0,0.3988,Moyen
73244404,0,0.0083,Faible
73244406,1,0.4506,Moyen
73244409,0,0.1309,Faible
73244418,0,0.0082,Faible
73244422,0,0.2251,Faible
73244522,1,0.9977,Haut
73244576,0,0.1265,Faible
73244702,0,0.0041,Faible
73244787,0,0.0126,Faible
73244977,1,0.9973,Haut
73244979,0,0.3988,Moyen
73244990,1,0.9967,Haut
73244995,1,0.9969,Haut
73244997,1,0.9973,Haut
73245012,0,0.3052,Moyen
73245019,0,0.2273,Faible
73245039,1,0.3904,Moyen
73245044,1,0.3919,Moyen
73245068,0,0.3978,Moyen
73245074,0,0.103,Faible
73245081,0,0.1598,Faible
73245088,0,0.0048,Faible
73245101,1,0.9978,Haut
73245104,0,0.2662,Faible
73245108,0,0.5884,Moyen
73245116,0,0.3232,Moyen
73245121,0,0.1751,Faible
73245126,0,0.3904,Moyen
73245130,1,0.2023,Faible
73245149,0,0.4263,Moyen
73245152,0,0.402,Moyen
73245157,1,0.2197,Faible
73245176,0,0.1459,Faible
73245206,0,0.2878,Faible
73245208,1,0.9977,Haut
73245220,0,0.1657,Faible
73245371,0,0.0758,Faible
73245376,0,0.382,Moyen
73245403,0,0.0853,Faible
73245422,0,0.5381,Moyen
73245423,0,0.2511,Faible
73245427,0,0.2511,Faible
73245429,0,0.1407,Faible
73245433,0,0.4263,Moyen
73245445,1,0.9977,Haut
73245449,0,0.3468,Moyen
73245451,0,0.3988,Moyen
73245454,0,0.382,Moyen
73245789,0,0.2511,Faible
73245851,0,0.163,Faible
73245873,0,0.0562,Faible
73245884,0,0.3988,Moyen
73245959,1,0.5682,Moyen
73245969,1,0.3468,Moyen
73246011,0,0.0093,Faible
73246038,0,0.1998,Faible
73246051,1,0.1661,Faible
73246052,1,0.9973,Haut
73246060,1,0.3017,Moyen
73246062,1,0.3043,Moyen
73246085,0,0.022,Faible
73246100,0,0.0078,Faible
73246104,0,0.2381,Faible
73246153,1,0.9967,Haut
73246159,0,0.157,Faible
73246162,0,0.0078,Faible
73246163,0,0.1421,Faible
73246170,0,0.3735,Moyen
73246179,1,0.2263,Faible
73246183,1,0.4263,Moyen
73246443,1,0.3131,Moyen
73246447,0,0.0093,Faible
73246461,0,0.1602,Faible
73246492,0,0.2027,Faible
73246497,0,0.2999,Faible
73246515,0,0.4556,Moyen
73246655,1,0.3796,Moyen
73246727,0,0.4079,Moyen
73246899,1,0.2878,Faible
73247343,0,0.0131,Faible
73247993,0,0.0596,Faible
73248032,0,0.0093,Faible
73248056,0,0.5884,Moyen
73248063,0,0.3423,Moyen
73248071,0,0.0125,Faible
73248084,0,0.0064,Faible
73248184,0,0.0286,Faible
73248195,0,0.0205,Faible
73248232,0,0.0102,Faible
73248238,1,0.9977,Haut
73248266,1,0.9977,Haut
73248332,0,0.174,Faible
73248351,0,0.0237,Faible
73248352,0,0.1492,Faible
73248358,0,0.4263,Moyen
73248374,1,0.9978,Haut
73248442,0,0.2876,Faible
73248465,0,0.225,Faible
73248471,1,0.9978,Haut
73248516,1,0.9978,Haut
73248529,0,0.0161,Faible
73248530,1,0.3418,Moyen
73248533,0,0.1982,Faible
73248558,1,0.9977,Haut
73248571,0,0.0136,Faible
73248572,0,0.0086,Faible
73248598,0,0.3013,Moyen
73248614,0,0.3919,Moyen
73248619,0,0.0103,Faible
73248629,0,0.0085,Faible
73248680,0,0.0099,Faible
73248704,0,0.0937,Faible
73248712,1,0.9977,Haut
73248737,0,0.0192,Faible
73248743,0,0.3228,Moyen
73248745,0,0.3468,Moyen
73248777,1,0.9977,Haut
73248779,1,0.9978,Haut
73248780,0,0.382,Moyen
73248789,0,0.0314,Faible
73248794,0,0.0161,Faible
73248795,0,0.3161,Moyen
73248813,0,0.0136,Faible
73248819,0,0.0169,Faible
73248820,0,0.0279,Faible
73248831,0,0.0055,Faible
73248851,0,0.0244,Faible
73248852,0,0.0073,Faible
73248853,0,0.0237,Faible
73248863,0,0.4263,Moyen
73248869,0,0.0154,Faible
73248874,0,0.0206,Faible
73248875,0,0.1831,Faible
73248876,0,0.0133,Faible
73248878,0,0.1968,Faible
73248892,0,0.3988,Moyen
73248894,0,0.0065,Faible
73248903,0,0.2077,Faible
73248904,0,0.01,Faible
73248911,0,0.0103,Faible
73248972,0,0.3154,Moyen
73248985,0,0.2012,Faible
73249072,0,0.6279,Haut
73249084,0,0.1224,Faible
73249126,0,0.3017,Moyen
73249148,0,0.2225,Faible
73249153,0,0.0133,Faible
73249160,0,0.5937,Moyen
73249196,1,0.9967,Haut
73249332,0,0.3806,Moyen
73249395,0,0.405,Moyen
73249403,0,0.3778,Moyen
73249408,0,0.5402,Moyen
73249466,0,0.0059,Faible
73249533,0,0.5682,Moyen
73249600,1,0.9973,Haut
73249656,1,0.4277,Moyen
73249673,1,0.9977,Haut
73249793,0,0.4945,Moyen
73249827,0,0.5402,Moyen
73249868,0,0.1693,Faible
73250035,0,0.0507,Faible
73250051,1,0.9978,Haut
73250053,0,0.0151,Faible
73250157,1,0.9977,Haut
73250207,0,0.2959,Faible
73250240,1,0.9973,Haut
73250259,0,0.0299,Faible
73250310,0,0.0123,Faible
73250342,0,0.0188,Faible
73250370,1,0.9978,Haut
73250420,0,0.0327,Faible
73250422,0,0.5884,Moyen
73250433,0,0.0052,Faible
73250448,0,0.0299,Faible
73250453,1,0.9978,Haut
73250468,0,0.0244,Faible
73250486,0,0.0068,Faible
73250495,0,0.0126,Faible
73250531,1,0.9978,Haut
73250630,0,0.4263,Moyen
73250657,0,0.2315,Faible
73250662,0,0.0139,Faible
73250666,1,0.9977,Haut
73250687,0,0.0156,Faible
73250690,0,0.0279,Faible
73250736,0,0.2914,Faible
73250793,1,0.1299,Faible
73250833,0,0.0201,Faible
73250850,0,0.0185,Faible
73250937,0,0.0134,Faible
73250942,0,0.4679,Moyen
73250976,0,0.2735,Faible
73250986,1,0.9978,Haut
73250989,1,0.9977,Haut
73251029,0,0.0093,Faible
73251049,0,0.2525,Faible
73251131,0,0.3379,Moyen
73251137,0,0.0128,Faible
73251139,1,0.3942,Moyen
73251147,0,0.382,Moyen
73251219,0,0.2892,Faible
73251243,0,0.0585,Faible
73251292,0,0.22,Faible
73251322,0,0.2311,Faible
73251326,0,0.0192,Faible
73251442,0,0.0103,Faible
73251513,0,0.2012,Faible
73251544,1,0.6095,Haut
73251653,0,0.0091,Faible
73251658,0,0.1459,Faible
73251665,0,0.402,Moyen
73251778,0,0.3232,Moyen
73251832,0,0.0153,Faible
73251856,0,0.1121,Faible
73251958,0,0.2943,Faible
73252183,1,0.9978,Haut
73252218,0,0.0068,Faible
73252362,0,0.0197,Faible
73252399,0,0.0244,Faible
73252680,0,0.0084,Faible
73252723,0,0.0151,Faible
73252780,1,0.9977,Haut
73252876,0,0.0245,Faible
73253014,1,0.9978,Haut
73253067,1,0.9967,Haut
73253127,1,0.9978,Haut
73253151,1,0.0882,Faible
73253163,0,0.2731,Faible
73253197,0,0.0101,Faible
73253207,0,0.4285,Moyen
73253208,0,0.2412,Faible
73253242,0,0.0103,Faible
73253295,0,0.0113,Faible
73253317,0,0.3241,Moyen
73253338,0,0.0162,Faible
73253393,0,0.006,Faible
73253428,0,0.1615,Faible
73253555,1,0.9977,Haut
73253611,0,0.0928,Faible
73253639,0,0.0331,Faible
73253680,1,0.1757,Faible
73253696,0,0.0126,Faible
73253816,0,0.402,Moyen
73253940,1,0.9969,Haut
73253949,0,0.1507,Faible
73253968,0,0.0068,Faible
73253990,1,0.9977,Haut
73254032,1,0.9978,Haut
73254040,0,0.0109,Faible
73254144,0,0.0112,Faible
73254153,0,0.0279,Faible
73254201,0,0.3329,Moyen
73254238,1,0.9965,Haut
73254273,1,0.9978,Haut
73254280,0,0.2614,Faible
73254287,0,0.4561,Moyen
73254341,1,0.9978,Haut
73254347,0,0.0136,Faible
73254422,0,0.3988,Moyen
73254431,0,0.0224,Faible
73254521,1,0.2263,Faible
73254560,0,0.1843,Faible
73254578,1,0.9977,Haut
73254616,0,0.0061,Faible
73254639,1,0.9978,Haut
73254656,0,0.0279,Faible
73254900,1,0.9977,Haut
73254932,0,0.4287,Moyen
73255008,0,0.1189,Faible
73255012,1,0.9978,Haut
73255091,0,0.0244,Faible
73255119,0,0.2511,Faible
73255126,1,0.2012,Faible
73255156,1,0.9978,Haut
73255165,0,0.2973,Faible
73255272,0,0.1462,Faible
73255412,0,0.2055,Faible
73255581,0,0.0067,Faible
73255592,0,0.0136,Faible
73255693,1,0.9978,Haut
73255695,0,0.0192,Faible
73255936,0,0.0074,Faible
73255995,0,0.3919,Moyen
73256079,0,0.3232,Moyen
73256271,1,0.9967,Haut
73256298,0,0.3988,Moyen
73256331,0,0.015,Faible
73256362,0,0.2847,Faible
73256399,1,0.5347,Moyen
73256406,0,0.2847,Faible
73256447,0,0.0142,Faible
73256475,0,0.0115,Faible
73256476,0,0.0099,Faible
73256484,0,0.2055,Faible
73256547,0,0.0202,Faible
73256555,0,0.0188,Faible
73256572,0,0.0126,Faible
73256685,0,0.2079,Faible
73256714,0,0.0235,Faible
73256732,0,0.0073,Faible
73256734,0,0.0134,Faible
73256766,0,0.0093,Faible
73256789,0,0.4174,Moyen
73256797,1,0.9978,Haut
73256817,0,0.007,Faible
73256851,0,0.0122,Faible
73256856,0,0.007,Faible
73256868,0,0.0281,Faible
73256874,0,0.4277,Moyen
73256890,0,0.0214,Faible
73256912,0,0.2543,Faible
73256930,0,0.0259,Faible
73256931,0,0.3862,Moyen
73256938,0,0.0125,Faible
73256939,0,0.2441,Faible
73256969,0,0.3149,Moyen
73256971,0,0.0133,Faible
73256979,1,0.6062,Haut
73256991,0,0.0084,Faible
73257017,0,0.0052,Faible
73257018,1,0.9978,Haut
73257054,0,0.0085,Faible
73257076,0,0.2208,Faible
73257095,0,0.0386,Faible
73257104,0,0.0067,Faible
73257116,0,0.0169,Faible
73257129,0,0.0117,Faible
73257160,0,0.3977,Moyen
73257171,0,0.1856,Faible
73257181,0,0.4021,Moyen
73257209,0,0.2234,Faible
73257260,0,0.1609,Faible
73257278,0,0.2724,Faible
73257293,0,0.0076,Faible
73257297,0,0.1014,Faible
73257298,0,0.2509,Faible
73257358,0,0.009,Faible
73257361,0,0.0134,Faible
73257389,1,0.9977,Haut
73257437,0,0.2729,Faible
73257453,0,0.0299,Faible
73257480,1,0.9969,Haut
73257485,0,0.0091,Faible
73257492,0,0.0082,Faible
73257498,0,0.1444,Faible
73257505,0,0.2208,Faible
73257526,0,0.017,Faible
73257530,0,0.0195,Faible
73257534,0,0.2511,Faible
73257580,1,0.0164,Faible
73257581,1,0.9977,Haut
73257625,0,0.0073,Faible
73257630,0,0.0236,Faible
73257637,1,0.5173,Moyen
73257647,0,0.1007,Faible
73257652,1,0.9969,Haut
73257665,0,0.2444,Faible
73257673,0,0.0104,Faible
73257705,0,0.3017,Moyen
73257736,0,0.0195,Faible
73257763,0,0.6031,Haut
73257771,0,0.3184,Moyen
73257776,0,0.0237,Faible
73257777,0,0.0637,Faible
73257825,0,0.0688,Faible
73257834,1,0.2503,Faible
73257851,0,0.4137,Moyen
73257854,0,0.1812,Faible
73257877,0,0.0125,Faible
73257887,0,0.2533,Faible
73257900,0,0.1269,Faible
73257933,1,0.3077,Moyen
73258012,0,0.0083,Faible
73258042,1,0.9967,Haut
73258043,1,0.9969,Haut
73258099,0,0.0115,Faible
73258114,0,0.2728,Faible
73258153,0,0.2754,Faible
73258193,0,0.3326,Moyen
73258201,0,0.0099,Faible
73258218,0,0.0049,Faible
73258224,0,0.3017,Moyen
73258244,0,0.0079,Faible
73258259,0,0.3017,Moyen
73258315,0,0.035,Faible
73258375,0,0.0125,Faible
73258378,1,0.9978,Haut
73258381,1,0.9969,Haut
73258387,0,0.2217,Faible
73258427,0,0.012,Faible
73258452,0,0.0113,Faible
73258459,0,0.2773,Faible
73258479,0,0.2508,Faible
73258489,0,0.3451,Moyen
73258511,0,0.0078,Faible
73258529,0,0.0103,Faible
73258564,0,0.4267,Moyen
73258583,0,0.4294,Moyen
73258588,1,0.9978,Haut
73258593,0,0.0374,Faible
73258621,0,0.2423,Faible
73258738,0,0.2138,Faible
73258754,1,0.4963,Moyen
73258758,1,0.9969,Haut
73258783,0,0.0101,Faible
73258804,0,0.0128,Faible
73258811,0,0.0047,Faible
73258837,0,0.0206,Faible
73258846,0,0.3232,Moyen
73258856,0,0.149,Faible
73258869,1,0.4509,Moyen
73258876,0,0.2247,Faible
73258912,0,0.0116,Faible
73258995,0,0.0045,Faible
73258996,0,0.0153,Faible
73259035,0,0.2274,Faible
73259042,0,0.0068,Faible
73259065,0,0.1425,Faible
73259093,0,0.0167,Faible
73259094,0,0.013,Faible
73259095,0,0.2542,Faible
73259123,0,0.1804,Faible
73259144,0,0.1362,Faible
73259162,0,0.22,Faible
73259170,0,0.0072,Faible
73259176,0,0.0209,Faible
73259220,0,0.2853,Faible
73259228,0,0.2331,Faible
73259232,0,0.449,Moyen
73259261,0,0.2511,Faible
73259270,0,0.3164,Moyen
73259287,0,0.0135,Faible
73259292,0,0.0099,Faible
73259320,0,0.2472,Faible
73259321,0,0.0109,Faible
73259353,0,0.0109,Faible
73259364,0,0.0215,Faible
73259389,0,0.0077,Faible
73259456,0,0.1915,Faible
73259484,0,0.006,Faible
73259489,1,0.9969,Haut
73259512,0,0.0064,Faible
73259521,1,0.3947,Moyen
73259561,0,0.3161,Moyen
73259574,0,0.3617,Moyen
73259582,0,0.0106,Faible
73259618,0,0.5391,Moyen
73259621,0,0.0104,Faible
73259687,0,0.7337,Haut
73259695,0,0.0084,Faible
73259753,0,0.2525,Faible
73259755,0,0.0148,Faible
73259764,1,0.9978,Haut
73259778,0,0.1591,Faible
73259788,0,0.1015,Faible
73259795,0,0.3988,Moyen
73259809,0,0.0049,Faible
73259826,0,0.2731,Faible
73259871,0,0.382,Moyen
73259878,1,0.2731,Faible
73259919,0,0.0131,Faible
73259932,0,0.3919,Moyen
73260025,0,0.1902,Faible
73260080,1,0.9962,Haut
73260101,0,0.3014,Moyen
73260107,0,0.0111,Faible
73260115,0,0.0149,Faible
73260144,0,0.0101,Faible
73260149,0,0.2878,Faible
73260207,1,0.2286,Faible
73260212,1,0.9977,Haut
73260244,0,0.3544,Moyen
73260251,0,0.1145,Faible
73260261,0,0.0139,Faible
73260298,0,0.1551,Faible
73260317,0,0.0175,Faible
73260318,0,0.0226,Faible
73260322,1,0.382,Moyen
73260340,0,0.0093,Faible
73260380,0,0.2945,Faible
73260404,0,0.0226,Faible
73260407,0,0.3092,Moyen
73260443,0,0.0545,Faible
73260463,1,0.9978,Haut
73260468,0,0.4263,Moyen
73260503,0,0.0135,Faible
73260504,0,0.3117,Moyen
73260508,0,0.5347,Moyen
73260515,1,0.2096,Faible
73260528,0,0.3123,Moyen
73260532,0,0.3042,Moyen
73260545,0,0.2858,Faible
73260555,0,0.3604,Moyen
73260564,0,0.0071,Faible
73260595,1,0.9967,Haut
73260644,1,0.9978,Haut
73260659,0,0.0068,Faible
73260683,0,0.008,Faible
73260689,1,0.4389,Moyen
73260700,0,0.5852,Moyen
73260713,0,0.4798,Moyen
73260722,0,0.0174,Faible
73260777,0,0.5297,Moyen
73260780,0,0.2307,Faible
73260788,0,0.0134,Faible
73260809,0,0.3798,Moyen
73260919,0,0.3154,Moyen
73260933,0,0.0078,Faible
73260958,1,0.4355,Moyen
73260964,1,0.4162,Moyen
73260968,0,0.2208,Faible
73261011,0,0.0134,Faible
73261047,0,0.0068,Faible
73261056,0,0.0253,Faible
73261071,0,0.0274,Faible
73261134,1,0.3893,Moyen
73261140,0,0.0142,Faible
73261171,1,0.7435,Haut
73261235,0,0.1224,Faible
73261258,0,0.1971,Faible
73261323,0,0.5347,Moyen
73261362,0,0.0117,Faible
73261403,1,0.9978,Haut
73261451,0,0.0091,Faible
73261497,1,0.9969,Haut
73261503,1,0.9977,Haut
73261549,1,0.9969,Haut
73261561,0,0.0157,Faible
73261602,1,0.9978,Haut
73261671,0,0.0094,Faible
73261714,0,0.0182,Faible
73261737,0,0.2958,Faible
73261781,1,0.4659,Moyen
73261788,0,0.0237,Faible
73261793,0,0.0712,Faible
73261814,0,0.0952,Faible
73261834,0,0.0119,Faible
73261899,0,0.0619,Faible
73261902,0,0.2571,Faible
73261911,0,0.0243,Faible
73261927,1,0.9978,Haut
73261952,0,0.0089,Faible
73261967,1,0.9978,Haut
73262004,1,0.9969,Haut
73262027,0,0.0077,Faible
73262033,0,0.2167,Faible
73262035,0,0.4029,Moyen
73262045,0,0.2398,Faible
73262051,0,0.1556,Faible
73262070,0,0.0079,Faible
73262072,0,0.3988,Moyen
73262126,0,0.3978,Moyen
73262163,0,0.5387,Moyen
73262282,1,0.2754,Faible
73262301,1,0.2847,Faible
73262351,0,0.0246,Faible
73262358,1,0.9978,Haut
73262372,1,0.3747,Moyen
73262383,0,0.0126,Faible
73262411,0,0.1844,Faible
73262412,0,0.2386,Faible
73262416,1,0.9978,Haut
73262447,0,0.4162,Moyen
73262495,0,0.1456,Faible
73262515,0,0.0072,Faible
73262556,0,0.0093,Faible
73262568,0,0.0135,Faible
73262569,1,0.9978,Haut
73262626,0,0.4789,Moyen
73262633,0,0.3028,Moyen
73262638,1,0.9978,Haut
73262657,0,0.0312,Faible
73262659,0,0.1388,Faible
73262665,0,0.3919,Moyen
73262675,1,0.2731,Faible
73262677,0,0.0237,Faible
73262681,1,0.3117,Moyen
73262686,0,0.3232,Moyen
73262701,0,0.3691,Moyen
73262715,1,0.9965,Haut
73262741,0,0.0115,Faible
73262753,0,0.4789,Moyen
73262765,1,0.4571,Moyen
73262776,0,0.026,Faible
73262802,0,0.0093,Faible
73262812,0,0.147,Faible
73262821,1,0.9977,Haut
73262866,0,0.3119,Moyen
73262885,1,0.9969,Haut
73262887,0,0.0102,Faible
73262892,0,0.0087,Faible
73262920,0,0.2136,Faible
73262925,0,0.0274,Faible
73262927,1,0.5572,Moyen
73262933,1,0.2892,Faible
73262943,0,0.0151,Faible
73262953,0,0.0797,Faible
73262955,0,0.0246,Faible
73262959,0,0.4072,Moyen
73262961,1,0.9977,Haut
73262963,0,0.25,Faible
73262965,0,0.1558,Faible
73262972,0,0.0168,Faible
73262989,1,0.9978,Haut
73262992,0,0.0135,Faible
73263008,1,0.9977,Haut
73263018,0,0.382,Moyen
73263020,0,0.1282,Faible
73263032,1,0.9967,Haut
73263052,0,0.0096,Faible
73263067,0,0.0047,Faible
73263078,0,0.2423,Faible
73263093,0,0.0119,Faible
73263169,0,0.0083,Faible
73263354,0,0.005,Faible
73264085,0,0.0149,Faible
73264495,0,0.0159,Faible
73264561,0,0.0065,Faible
73264873,0,0.0069,Faible
73265030,0,0.019,Faible
73265039,0,0.0202,Faible
73265159,0,0.014,Faible
73265190,1,0.9978,Haut
73265243,1,0.9978,Haut
73265270,0,0.0277,Faible
73265314,0,0.3279,Moyen
73265325,0,0.0093,Faible
73265333,0,0.0089,Faible
73265389,0,0.0068,Faible
73265406,0,0.0078,Faible
73266010,0,0.0152,Faible
73266129,0,0.008,Faible
73266184,0,0.0202,Faible
73266818,0,0.0096,Faible
73266981,1,0.9978,Haut
73267012,0,0.0758,Faible
73267016,0,0.0192,Faible
73267025,0,0.2511,Faible
73267033,0,0.0074,Faible
73267051,0,0.0085,Faible
73267063,0,0.2048,Faible
73267065,0,0.0058,Faible
73267084,0,0.3161,Moyen
73267088,1,0.5449,Moyen
73267092,1,0.9978,Haut
73267097,1,0.9969,Haut
73267109,0,0.3893,Moyen
73267116,0,0.0237,Faible
73267151,0,0.2366,Faible
73267153,0,0.2183,Faible
73267158,0,0.4033,Moyen
73267166,1,0.9967,Haut
73267215,0,0.0379,Faible
73267270,0,0.0294,Faible
73267273,0,0.3164,Moyen
73267282,0,0.1345,Faible
73267285,0,0.0098,Faible
73267318,0,0.1796,Faible
73267382,1,0.9977,Haut
73267384,1,0.9977,Haut
73267518,0,0.0078,Faible
73267673,1,0.9978,Haut
73267745,0,0.0096,Faible
73267783,0,0.0127,Faible
73267933,0,0.2878,Faible
73268028,0,0.0103,Faible
73268038,1,0.738,Haut
73268167,0,0.449,Moyen
73268174,0,0.2397,Faible
73268180,0,0.3565,Moyen
73268187,1,0.605,Haut
73268193,0,0.0286,Faible
73268197,0,0.0135,Faible
73268231,0,0.3902,Moyen
73268232,0,0.2345,Faible
73268259,0,0.1046,Faible
73268290,0,0.3544,Moyen
73268304,0,0.0041,Faible
73268439,0,0.2138,Faible
73268453,0,0.4267,Moyen
73268465,0,0.0139,Faible
73268487,0,0.3297,Moyen
73268826,0,0.0047,Faible
73270002,0,0.5884,Moyen
73270015,0,0.22,Faible
73270028,0,0.3468,Moyen
73270050,0,0.3988,Moyen
73270080,0,0.1016,Faible
73270088,1,0.253,Faible
73270089,0,0.3189,Moyen
73270175,1,0.9977,Haut
73270183,1,0.3988,Moyen
73270185,0,0.0758,Faible
73270212,1,0.9977,Haut
73270266,0,0.0562,Faible
73270288,0,0.3691,Moyen
73270362,0,0.5884,Moyen
73270404,0,0.2507,Faible
73270411,1,0.5682,Moyen
73270452,0,0.1346,Faible
73270462,0,0.0197,Faible
73270472,1,0.9978,Haut
73270478,1,0.4263,Moyen
73270499,0,0.3709,Moyen
73270529,1,0.3988,Moyen
73270594,1,0.9977,Haut
73270630,0,0.5884,Moyen
73270649,0,0.3728,Moyen
73270650,0,0.0061,Faible
73270697,0,0.4233,Moyen
73270699,0,0.0279,Faible
73270742,1,0.3988,Moyen
73270779,0,0.5115,Moyen
73270795,0,0.2222,Faible
73270799,0,0.2943,Faible
73270824,1,0.9977,Haut
73270827,0,0.0148,Faible
73270914,1,0.9977,Haut
73270927,0,0.3624,Moyen
73270930,0,0.0223,Faible
73270933,1,0.4385,Moyen
73270953,0,0.2878,Faible
73271013,0,0.1769,Faible
73271031,1,0.9973,Haut
73271060,0,0.0235,Faible
73271076,0,0.2511,Faible
73271092,1,0.9977,Haut
73271121,0,0.0284,Faible
73271146,0,0.2183,Faible
73271157,1,0.9978,Haut
73271159,0,0.0309,Faible
73271171,0,0.3988,Moyen
73271175,0,0.2012,Faible
73271192,0,0.0207,Faible
73271215,1,0.9977,Haut
73271216,0,0.2878,Faible
73271298,1,0.9978,Haut
73271304,0,0.3555,Moyen
73271308,0,0.2999,Faible
73271311,0,0.1567,Faible
73271324,0,0.0108,Faible
73271326,1,0.9978,Haut
73271344,1,0.9977,Haut
73271350,0,0.382,Moyen
73271357,1,0.9969,Haut
73271361,1,0.9978,Haut
73271375,0,0.0237,Faible
73271407,0,0.1037,Faible
73271411,0,0.2587,Faible
73271424,0,0.1733,Faible
73271445,0,0.2653,Faible
73271474,0,0.3468,Moyen
73271488,0,0.1152,Faible
73271515,0,0.3254,Moyen
73271524,1,0.9978,Haut
73271564,0,0.2511,Faible
73271653,0,0.0314,Faible
73271679,0,0.3591,Moyen
73271693,0,0.0612,Faible
73271705,0,0.3451,Moyen
73271712,0,0.3468,Moyen
73271722,0,0.236,Faible
73271725,0,0.1333,Faible
73271727,0,0.3942,Moyen
73271772,0,0.1861,Faible
73271875,0,0.1444,Faible
73271877,0,0.3017,Moyen
73271931,1,0.9967,Haut
73271979,0,0.309,Moyen
73272440,1,0.9977,Haut
73272488,0,0.1968,Faible
73272618,0,0.263,Faible
73272662,0,0.402,Moyen
73272669,0,0.3988,Moyen
73272675,0,0.2511,Faible
73272695,0,0.0126,Faible
73272724,0,0.382,Moyen
73273034,1,0.9964,Haut
73273052,0,0.1198,Faible
73273057,0,0.3103,Moyen
73273067,1,0.9964,Haut
73273595,0,0.0116,Faible
73273668,0,0.0314,Faible
73273716,0,0.4263,Moyen
73273762,0,0.0059,Faible
73273899,0,0.3988,Moyen
73273950,0,0.0075,Faible
73274037,0,0.1319,Faible
73274080,0,0.2311,Faible
73274227,1,0.9973,Haut
73274252,1,0.9978,Haut
73274278,0,0.2892,Faible
73274304,0,0.0906,Faible
73274311,0,0.3451,Moyen
73274539,0,0.1521,Faible
73274545,1,0.5884,Moyen
73274575,0,0.3942,Moyen
73274625,0,0.2385,Faible
73274717,0,0.25,Faible
73275155,0,0.3232,Moyen
73275182,1,0.9978,Haut
73275539,0,0.2344,Faible
73275829,0,0.017,Faible
73276165,1,0.5884,Moyen
73276747,1,0.9964,Haut
73277935,0,0.0063,Faible
73278083,0,0.0078,Faible
73278241,1,0.9969,Haut
73278398,0,0.3317,Moyen
73278535,1,0.3593,Moyen
73278614,0,0.3451,Moyen
73278714,0,0.6661,Haut
73280057,0,0.0075,Faible
73280073,0,0.0066,Faible
73280082,0,0.0075,Faible
73280248,0,0.4144,Moyen
73280285,0,0.0696,Faible
73281501,0,0.3043,Moyen
73281510,0,0.0076,Faible
73281511,1,0.9978,Haut
73281514,1,0.9978,Haut
73281518,1,0.9969,Haut
73281523,1,0.2603,Faible
73281527,0,0.0074,Faible
73281530,0,0.2331,Faible
73281531,0,0.2315,Faible
73281537,0,0.2271,Faible
73281546,0,0.0099,Faible
73281552,0,0.16,Faible
73281560,0,0.0087,Faible
73281567,0,0.3418,Moyen
73281569,0,0.012,Faible
73281572,0,0.0232,Faible
73281576,0,0.0342,Faible
73281577,0,0.0092,Faible
73281579,0,0.0034,Faible
73281582,0,0.236,Faible
73281585,0,0.3769,Moyen
73281592,1,0.5684,Moyen
73281593,1,0.3953,Moyen
73281596,0,0.3258,Moyen
73281598,0,0.0101,Faible
73281614,0,0.382,Moyen
73281624,0,0.382,Moyen
73281636,0,0.3232,Moyen
73282003,0,0.0102,Faible
73282414,1,0.9969,Haut
73282428,0,0.159,Faible
73282432,1,0.2579,Faible
73282433,0,0.0205,Faible
73282435,0,0.1839,Faible
73282444,1,0.3375,Moyen
73282480,1,0.2982,Faible
73282486,1,0.9978,Haut
73282494,0,0.1879,Faible
73282513,0,0.3624,Moyen
73282515,0,0.3942,Moyen
73282566,0,0.1858,Faible
73282570,0,0.3161,Moyen
73282594,0,0.2731,Faible
73282605,0,0.613,Haut
73282607,1,0.9977,Haut
73282623,1,0.4486,Moyen
73282631,1,0.9977,Haut
73282637,0,0.3154,Moyen
73282649,1,0.9978,Haut
73282664,0,0.2511,Faible
73282672,0,0.0974,Faible
73282673,0,0.3877,Moyen
73282675,0,0.0103,Faible
73282689,0,0.1014,Faible
73282697,0,0.2115,Faible
73282765,0,0.3988,Moyen
73282791,0,0.382,Moyen
73282827,1,0.9977,Haut
73282875,0,0.0279,Faible
73282876,0,0.22,Faible
73282881,0,0.2465,Faible
73282889,0,0.3468,Moyen
73282893,0,0.3017,Moyen
73282908,0,0.3399,Moyen
73282943,0,0.2641,Faible
73282965,1,0.9978,Haut
73282968,1,0.9978,Haut
73282974,0,0.0275,Faible
73282987,1,0.5347,Moyen
73283092,0,0.3017,Moyen
73283165,0,0.0198,Faible
73283198,1,0.5119,Moyen
73283296,0,0.0114,Faible
73283338,0,0.1442,Faible
73283343,0,0.3949,Moyen
73283467,0,0.0072,Faible
73283501,0,0.0214,Faible
73283523,1,0.2397,Faible
73283531,1,0.9969,Haut
73283597,0,0.4146,Moyen
73283653,0,0.0266,Faible
73283656,0,0.4211,Moyen
73283690,0,0.4927,Moyen
73283695,0,0.0119,Faible
73283725,1,0.4714,Moyen
73283736,0,0.1127,Faible
73284013,0,0.2715,Faible
73284016,0,0.3161,Moyen
73284037,0,0.4789,Moyen
73284038,0,0.0503,Faible
73284039,1,0.9969,Haut
73284067,1,0.9978,Haut
73284076,0,0.0099,Faible
73284083,0,0.0108,Faible
73284170,0,0.3085,Moyen
73284180,0,0.0165,Faible
73284245,0,0.0618,Faible
73284298,0,0.2511,Faible
73284340,1,0.9978,Haut
73284365,0,0.0084,Faible
73284377,0,0.3997,Moyen
73284486,1,0.678,Haut
73284497,0,0.2622,Faible
73284524,0,0.1935,Faible
73284573,1,0.9967,Haut
73284675,0,0.0946,Faible
73284705,0,0.0173,Faible
73284758,0,0.6642,Haut
73284837,0,0.4029,Moyen
73284869,0,0.0407,Faible
73284884,0,0.0165,Faible
73284890,0,0.193,Faible
73284920,0,0.4155,Moyen
73284941,0,0.198,Faible
73284966,0,0.369,Moyen
73285032,0,0.0229,Faible
73285040,0,0.0164,Faible
73285120,0,0.0184,Faible
73285232,0,0.3187,Moyen
73285284,1,0.9977,Haut
73285335,1,0.3161,Moyen
73285348,1,0.9977,Haut
73285396,0,0.0079,Faible
73285408,0,0.3017,Moyen
73285460,0,0.3988,Moyen
73285502,0,0.4449,Moyen
73285503,0,0.3017,Moyen
73285508,0,0.1812,Faible
73285520,0,0.249,Faible
73285522,0,0.0317,Faible
73285524,0,0.0119,Faible
73285525,0,0.0072,Faible
73285526,1,0.9978,Haut
73285528,0,0.369,Moyen
73285529,0,0.0237,Faible
73285531,0,0.2511,Faible
73285544,0,0.1542,Faible
73285563,0,0.621,Haut
73285589,0,0.0078,Faible
73285603,1,0.9977,Haut
73285604,1,0.9967,Haut
73285607,1,0.3102,Moyen
73285608,0,0.0123,Faible
73285609,0,0.2754,Faible
73286061,0,0.4164,Moyen
73286112,0,0.0259,Faible
73286128,0,0.0098,Faible
73286169,0,0.3146,Moyen
73286190,0,0.0059,Faible
73286225,0,0.3017,Moyen
73286248,0,0.008,Faible
73286257,0,0.0164,Faible
73286270,0,0.0061,Faible
73286279,0,0.4866,Moyen
73286294,0,0.4041,Moyen
73286302,0,0.0239,Faible
73286318,1,0.9978,Haut
73286340,0,0.0162,Faible
73286476,0,0.0185,Faible
73286480,0,0.0195,Faible
73286484,0,0.0086,Faible
73286496,0,0.0098,Faible
73286499,0,0.0264,Faible
73286537,0,0.0086,Faible
73286544,0,0.0079,Faible
73286554,0,0.0113,Faible
73288019,0,0.0154,Faible
73288025,0,0.4047,Moyen
73288044,0,0.0243,Faible
73288054,0,0.3799,Moyen
73288068,0,0.0058,Faible
73288090,0,0.2847,Faible
73288129,0,0.0079,Faible
73288135,0,0.3988,Moyen
73288144,0,0.0125,Faible
73288148,0,0.0089,Faible
73288149,1,0.9978,Haut
73288181,0,0.3161,Moyen
73288193,1,0.167,Faible
73288254,0,0.0185,Faible
73288255,0,0.2587,Faible
73288259,0,0.0143,Faible
73288270,0,0.3236,Moyen
73288341,0,0.0154,Faible
73288399,0,0.3781,Moyen
73288404,0,0.0064,Faible
73288409,0,0.2222,Faible
73288418,0,0.0119,Faible
73288462,0,0.0074,Faible
73288480,1,0.0246,Faible
73288497,0,0.0068,Faible
73288527,0,0.0121,Faible
73288533,0,0.008,Faible
73288543,0,0.008,Faible
73288554,1,0.9977,Haut
73288567,0,0.3544,Moyen
73288581,0,0.0221,Faible
73288608,0,0.0095,Faible
73288623,0,0.0178,Faible
73288670,1,0.9978,Haut
73288675,1,0.9978,Haut
73288693,0,0.0098,Faible
73288703,0,0.0127,Faible
73288707,1,0.3201,Moyen
73288712,1,0.468,Moyen
73288739,0,0.0098,Faible
73288759,0,0.25,Faible
73288805,0,0.0083,Faible
73288826,0,0.0148,Faible
73288832,0,0.1912,Faible
73288844,0,0.2331,Faible
73288852,0,0.1686,Faible
73288855,0,0.0271,Faible
73288862,0,0.0126,Faible
73288864,0,0.0106,Faible
73288870,1,0.9978,Haut
73288871,0,0.0152,Faible
73288872,0,0.0104,Faible
73288878,0,0.0134,Faible
73288879,0,0.0169,Faible
73288882,0,0.0099,Faible
73288883,0,0.0162,Faible
73288884,0,0.1844,Faible
73288889,0,0.0079,Faible
73288890,1,0.9969,Haut
73288897,0,0.4522,Moyen
73288901,0,0.0134,Faible
73288920,0,0.0101,Faible
73289290,1,0.9977,Haut
73289599,0,0.0099,Faible
73290032,1,0.0684,Faible
73290042,0,0.382,Moyen
73290043,0,0.259,Faible
73290047,0,0.2878,Faible
73290055,0,0.0045,Faible
73290087,0,0.2338,Faible
73290089,0,0.3085,Moyen
73290095,0,0.0547,Faible
73290110,0,0.2125,Faible
73290130,0,0.4768,Moyen
73290132,0,0.1968,Faible
73290142,0,0.008,Faible
73290193,0,0.2351,Faible
73290240,1,0.9977,Haut
73290258,0,0.4422,Moyen
73290290,1,0.6495,Haut
73290294,0,0.2452,Faible
73290337,0,0.3388,Moyen
73290457,0,0.0048,Faible
73290526,0,0.0095,Faible
73290585,0,0.0075,Faible
73291338,1,0.9969,Haut
73291794,1,0.9978,Haut
73292636,0,0.0098,Faible
73293016,1,0.9967,Haut
73293293,0,0.011,Faible
73293363,0,0.0206,Faible
73293578,1,0.9973,Haut
73293604,0,0.0166,Faible
73293702,0,0.0237,Faible
73293710,1,0.5402,Moyen
73293766,1,0.402,Moyen
73295004,0,0.2127,Faible
73295027,0,0.0179,Faible
73295039,0,0.0134,Faible
73295049,0,0.1831,Faible
73295057,0,0.0094,Faible
73295059,0,0.0167,Faible
73295084,0,0.0087,Faible
73295086,0,0.0237,Faible
73295152,1,0.9977,Haut
73295159,0,0.0141,Faible
73295185,1,0.5457,Moyen
73295202,0,0.0093,Faible
73295206,0,0.0106,Faible
73295225,0,0.382,Moyen
73295229,0,0.1924,Faible
73295245,0,0.0073,Faible
73295259,1,0.405,Moyen
73295267,0,0.3722,Moyen
73295277,0,0.0194,Faible
73295298,0,0.0098,Faible
73295302,0,0.0805,Faible
73295324,0,0.3893,Moyen
73295341,0,0.0067,Faible
73295350,0,0.0207,Faible
73295402,0,0.0076,Faible
73295453,0,0.3149,Moyen
73295515,0,0.271,Faible
73295528,0,0.1968,Faible
73295532,0,0.3154,Moyen
73295547,0,0.0052,Faible
73295560,0,0.0164,Faible
73295570,1,0.9973,Haut
73295579,1,0.5028,Moyen
73295610,0,0.0059,Faible
73295705,0,0.0146,Faible
73296002,1,0.3702,Moyen
73296108,0,0.2055,Faible
73296164,0,0.4263,Moyen
73296255,0,0.4814,Moyen
73296381,0,0.0086,Faible
73296382,0,0.2511,Faible
73296430,0,0.5402,Moyen
73296450,0,0.0236,Faible
73296452,1,0.9978,Haut
73296545,0,0.3154,Moyen
73296596,0,0.22,Faible
73296608,0,0.0206,Faible
73296645,1,0.9978,Haut
73296675,0,0.0092,Faible
73296681,0,0.3418,Moyen
73296881,1,0.9978,Haut
73296917,0,0.2625,Faible
73296997,0,0.6374,Haut
73297018,0,0.0176,Faible
73297025,1,0.9975,Haut
73297049,0,0.2895,Faible
73297077,0,0.2174,Faible
73297092,0,0.4263,Moyen
73297128,0,0.0195,Faible
73297189,1,0.9967,Haut
73297260,0,0.352,Moyen
73297262,1,0.9973,Haut
73297291,0,0.0118,Faible
73297322,0,0.2186,Faible
73297347,0,0.4814,Moyen
73297361,1,0.9978,Haut
73297452,0,0.3569,Moyen
73297496,1,0.3555,Moyen
73297561,0,0.3988,Moyen
73297600,0,0.5884,Moyen
73297605,0,0.025,Faible
73297651,0,0.0079,Faible
73297686,0,0.3229,Moyen
73297729,0,0.382,Moyen
73297822,0,0.0128,Faible
73297848,1,0.9978,Haut
73297859,0,0.3232,Moyen
73297860,1,0.3919,Moyen
73297883,0,0.3978,Moyen
73297942,0,0.0071,Faible
73297943,0,0.3477,Moyen
73297978,0,0.2511,Faible
73297994,1,0.9967,Haut
73297999,1,0.9978,Haut
73298001,1,0.9978,Haut
73298044,1,0.5975,Moyen
73298050,0,0.3154,Moyen
73298059,0,0.0103,Faible
73298073,0,0.0867,Faible
73298098,0,0.1942,Faible
73298099,1,0.4646,Moyen
73298108,0,0.3154,Moyen
73298109,1,0.9973,Haut
73298145,1,0.419,Moyen
73298146,0,0.2458,Faible
73298158,0,0.2635,Faible
73298167,0,0.3919,Moyen
73298178,0,0.0758,Faible
73298192,0,0.5402,Moyen
73298208,0,0.0364,Faible
73298229,0,0.3175,Moyen
73298253,0,0.0063,Faible
73298263,0,0.5091,Moyen
73298497,0,0.0068,Faible
73298563,0,0.2312,Faible
73298598,0,0.0079,Faible
73298626,0,0.402,Moyen
73298669,0,0.0636,Faible
73298770,0,0.0323,Faible
73298977,0,0.0151,Faible
73299709,1,0.4803,Moyen
73300013,1,0.9978,Haut
73300020,0,0.0074,Faible
73300036,1,0.9978,Haut
73300044,0,0.2694,Faible
73300065,0,0.4174,Moyen
73300085,1,0.382,Moyen
73300098,0,0.0198,Faible
73300102,1,0.9977,Haut
73300103,0,0.0249,Faible
73300115,0,0.3149,Moyen
73300136,0,0.008,Faible
73300152,1,0.4369,Moyen
73300161,1,0.9967,Haut
73300163,0,0.2008,Faible
73300195,1,0.4146,Moyen
73300217,1,0.6642,Haut
73300219,1,0.9978,Haut
73300232,1,0.34,Moyen
73300247,1,0.2355,Faible
73300256,1,0.9977,Haut
73300311,0,0.4146,Moyen
73300327,1,0.9978,Haut
73300349,1,0.9978,Haut
73300357,0,0.008,Faible
73300428,1,0.9962,Haut
73300431,0,0.5649,Moyen
73300546,1,0.9978,Haut
73300580,1,0.5682,Moyen
73300590,0,0.0064,Faible
73300626,0,0.0269,Faible
73300644,0,0.0064,Faible
73300648,0,0.4072,Moyen
73300651,0,0.0085,Faible
73300667,1,0.7651,Haut
73300727,1,0.3154,Moyen
73300734,0,0.0314,Faible
73300740,0,0.0157,Faible
73300752,1,0.9969,Haut
73300768,0,0.3232,Moyen
73300772,1,0.9967,Haut
73300790,0,0.0081,Faible
73300918,1,0.9978,Haut
73300921,1,0.9967,Haut
73300932,0,0.1769,Faible
73300943,1,0.9978,Haut
73300946,1,0.9978,Haut
73300959,0,0.449,Moyen
73300982,0,0.0975,Faible
73301026,0,0.2979,Faible
73301035,1,0.3434,Moyen
73301077,1,0.9978,Haut
73301097,0,0.2992,Faible
73301098,1,0.9978,Haut
73301099,0,0.2012,Faible
73301125,1,0.4285,Moyen
73301162,0,0.3739,Moyen
73301173,0,0.0259,Faible
73301201,1,0.998,Haut
73301238,0,0.0092,Faible
73301249,1,0.3747,Moyen
73301302,1,0.9978,Haut
73301308,1,0.9977,Haut
73301391,0,0.012,Faible
73301422,1,0.4789,Moyen
73301482,0,0.4242,Moyen
73301506,1,0.9967,Haut
73301573,0,0.049,Faible
73301578,0,0.0126,Faible
73301588,1,0.9978,Haut
73301695,1,0.9978,Haut
73301700,1,0.4263,Moyen
73301710,0,0.0063,Faible
73301723,1,0.9978,Haut
73301743,0,0.0076,Faible
73301755,0,0.5915,Moyen
73301758,1,0.9978,Haut
73301779,1,0.9967,Haut
73301806,1,0.9973,Haut
73301812,1,0.5254,Moyen
73301820,1,0.9978,Haut
73301825,1,0.5987,Moyen
73301844,0,0.3941,Moyen
73301875,0,0.0099,Faible
73301880,1,0.9978,Haut
73301887,1,0.1956,Faible
73301895,1,0.9977,Haut
73301951,0,0.1932,Faible
73301959,0,0.0086,Faible
73301994,0,0.0167,Faible
73302051,1,0.9978,Haut
73302097,1,0.9962,Haut
73302119,1,0.9978,Haut
73302151,0,0.0177,Faible
73302192,0,0.0101,Faible
73302194,0,0.0066,Faible
73302205,0,0.0098,Faible
73302294,1,0.9973,Haut
73302370,0,0.0079,Faible
73302383,0,0.3448,Moyen
73302441,1,0.9967,Haut
73302510,1,0.9967,Haut
73302521,1,0.9978,Haut
73302567,1,0.9977,Haut
73302583,1,0.9967,Haut
73302633,0,0.2751,Faible
73302649,0,0.0081,Faible
73302654,1,0.9978,Haut
73302671,1,0.4789,Moyen
73302686,1,0.4977,Moyen
73302695,1,0.9977,Haut
73302794,1,0.2996,Faible
73302833,1,0.9978,Haut
73302864,1,0.9967,Haut
73302929,0,0.2498,Faible
73302981,1,0.348,Moyen
73302988,1,0.9978,Haut
73303033,1,0.4912,Moyen
73303132,1,0.3472,Moyen
73303147,0,0.4817,Moyen
73303193,0,0.0198,Faible
73303268,1,0.6642,Haut
73303467,0,0.0167,Faible
73303471,1,0.449,Moyen
73303478,1,0.5872,Moyen
73303567,1,0.9978,Haut
73303592,1,0.4414,Moyen
73303600,0,0.0062,Faible
73303615,1,0.5324,Moyen
73303629,1,0.9978,Haut
73303832,0,0.0068,Faible
73303886,1,0.9967,Haut
73303942,1,0.9978,Haut
73304000,1,0.998,Haut
73304073,1,0.9978,Haut
73304106,0,0.0314,Faible
73304173,0,0.0082,Faible
73304294,1,0.9978,Haut
73304313,1,0.4263,Moyen
73304488,1,0.2977,Faible
73304940,0,0.4146,Moyen
73305008,1,0.9973,Haut
73305012,1,0.9978,Haut
73305162,1,0.9967,Haut
73305256,1,0.9967,Haut
73305453,1,0.9973,Haut
73305485,1,0.9967,Haut
73305529,1,0.9977,Haut
73305553,1,0.9978,Haut
73305555,1,0.9978,Haut
73305596,1,0.9978,Haut
73305613,1,0.4789,Moyen
73305622,1,0.9967,Haut
73305664,1,0.9978,Haut
73305725,0,0.3017,Moyen
73305767,1,0.1802,Faible
73305771,1,0.9975,Haut
73305787,0,0.0201,Faible
73305793,1,0.9978,Haut
73305798,0,0.3843,Moyen
73305803,1,0.2898,Faible
73305808,1,0.4675,Moyen
73305820,1,0.6642,Haut
73305850,0,0.4107,Moyen
73305994,1,0.4561,Moyen
73305998,0,0.0064,Faible
73305999,0,0.0065,Faible
73308063,0,0.0214,Faible
73308065,1,0.9977,Haut
73308068,0,0.0206,Faible
73308075,0,0.2247,Faible
73308119,1,0.5171,Moyen
73308122,1,0.9978,Haut
73308129,1,0.9977,Haut
73308139,1,0.9967,Haut
73308144,0,0.2286,Faible
73308155,0,0.1351,Faible
73308160,0,0.2472,Faible
73308198,0,0.4267,Moyen
73308297,1,0.9978,Haut
73308304,1,0.7685,Haut
73308358,1,0.9978,Haut
73308457,0,0.2511,Faible
73308462,0,0.5684,Moyen
73308466,0,0.1514,Faible
73308612,0,0.0185,Faible
73309012,0,0.4097,Moyen
73309016,0,0.4144,Moyen
73309027,1,0.9978,Haut
73309035,0,0.0963,Faible
73309047,1,0.4497,Moyen
73309081,1,0.9978,Haut
73309209,1,0.9967,Haut
73309265,1,0.9978,Haut
73309267,0,0.5414,Moyen
73309281,0,0.0104,Faible
73309340,1,0.9977,Haut
73309423,0,0.3721,Moyen
73309779,0,0.3017,Moyen
73310048,0,0.189,Faible
73310058,0,0.0144,Faible
73310062,1,0.3525,Moyen
73310074,0,0.0279,Faible
73310141,0,0.0045,Faible
73310319,0,0.0133,Faible
73310484,1,0.9967,Haut
73310673,1,0.9978,Haut
73310822,1,0.3942,Moyen
73310844,1,0.9977,Haut
73310850,0,0.3919,Moyen
73311125,0,0.3319,Moyen
73312068,0,0.0093,Faible
73312097,0,0.0336,Faible
73312139,0,0.3399,Moyen
73312142,0,0.0249,Faible
73312150,0,0.0081,Faible
73312178,1,0.3161,Moyen
73312203,1,0.5921,Moyen
73312219,0,0.2338,Faible
73312355,0,0.0095,Faible
73312366,1,0.9977,Haut
73312427,0,0.3657,Moyen
73312482,0,0.0047,Faible
73312492,0,0.1631,Faible
73312533,0,0.0106,Faible
73312718,0,0.0086,Faible
73312800,0,0.0045,Faible
73312811,0,0.0273,Faible
73312826,1,0.9978,Haut
73312833,0,0.0106,Faible
73312940,0,0.0085,Faible
73312998,0,0.4155,Moyen
73313017,0,0.0089,Faible
73313076,0,0.2629,Faible
73313096,0,0.0098,Faible
73313098,0,0.0096,Faible
73313116,0,0.0088,Faible
73313132,0,0.0103,Faible
73313140,0,0.2112,Faible
73313144,0,0.5915,Moyen
73313164,1,0.5347,Moyen
73313170,0,0.3988,Moyen
73313174,0,0.0155,Faible
73313204,0,0.1917,Faible
73313235,1,0.4201,Moyen
73313442,0,0.0078,Faible
73313624,0,0.0115,Faible
73313678,0,0.0067,Faible
73313947,0,0.0118,Faible
73314058,0,0.008,Faible
73314285,0,0.2217,Faible
73314341,0,0.0174,Faible
73314556,0,0.0317,Faible
73315707,1,0.9978,Haut
73315746,0,0.1445,Faible
73315779,0,0.2068,Faible
73315794,1,0.348,Moyen
73315798,0,0.1242,Faible
73315801,0,0.4137,Moyen
73316020,0,0.2707,Faible
73316039,0,0.1174,Faible
73316078,0,0.382,Moyen
73316120,0,0.0221,Faible
73316138,0,0.2803,Faible
73316148,0,0.2029,Faible
73316172,0,0.2559,Faible
73316188,0,0.0676,Faible
73316242,1,0.3667,Moyen
73316278,1,0.9967,Haut
73316299,1,0.9978,Haut
73316308,1,0.9967,Haut
73316322,0,0.2419,Faible
73316326,0,0.0083,Faible
73316338,0,0.3423,Moyen
73316403,1,0.9967,Haut
73316433,0,0.2723,Faible
73316435,1,0.3293,Moyen
73316459,0,0.1769,Faible
73316460,0,0.0286,Faible
73316494,0,0.2719,Faible
73316496,1,0.9978,Haut
73316537,0,0.6846,Haut
73316557,0,0.2003,Faible
73316589,1,0.7282,Haut
73316665,1,0.9969,Haut
73316716,1,0.1691,Faible
73316737,1,0.2339,Faible
73316773,1,0.9967,Haut
73316827,0,0.686,Haut
73316840,0,0.0314,Faible
73316855,0,0.012,Faible
73316890,0,0.0244,Faible
73316923,1,0.2898,Faible
73316931,1,0.1285,Faible
73316976,1,0.5173,Moyen
73316995,0,0.2747,Faible
73317035,1,0.9977,Haut
73317050,0,0.3254,Moyen
73317091,0,0.0131,Faible
73317100,0,0.5225,Moyen
73317148,0,0.3161,Moyen
73317153,0,0.4533,Moyen
73317168,1,0.9969,Haut
73317170,0,0.6374,Haut
73317197,1,0.9978,Haut
73317205,0,0.5218,Moyen
73317219,0,0.0314,Faible
73317228,1,0.3738,Moyen
73317301,0,0.0079,Faible
73317358,0,0.112,Faible
73317485,0,0.259,Faible
73317491,0,0.0068,Faible
73317511,0,0.0363,Faible
73317521,0,0.0052,Faible
73317538,0,0.2619,Faible
73317542,0,0.2586,Faible
73317580,1,0.5873,Moyen
73317593,0,0.3161,Moyen
73317632,1,0.5448,Moyen
73317670,0,0.6656,Haut
73317708,0,0.4391,Moyen
73317718,0,0.1995,Faible
73317831,0,0.3079,Moyen
73317848,0,0.0365,Faible
73317860,0,0.2183,Faible
73317958,1,0.5124,Moyen
73317966,0,0.0071,Faible
73318140,0,0.0895,Faible
73318145,0,0.3962,Moyen
73318184,0,0.3798,Moyen
73318187,0,0.1834,Faible
73318192,0,0.28,Faible
73318198,0,0.5746,Moyen
73318208,0,0.4119,Moyen
73318212,0,0.621,Haut
73318220,0,0.382,Moyen
73318237,0,0.5884,Moyen
73318256,0,0.4263,Moyen
73318258,0,0.5851,Moyen
73318286,1,0.0134,Faible
73318305,0,0.1514,Faible
73318470,0,0.2892,Faible
73318490,0,0.1985,Faible
73318504,0,0.3988,Moyen
73318530,1,0.9977,Haut
73318551,1,0.9978,Haut
73318557,0,0.2912,Faible
73318562,0,0.008,Faible
73318571,0,0.5682,Moyen
73318629,0,0.2626,Faible
73318660,0,0.4061,Moyen
73318680,0,0.0314,Faible
73318684,0,0.0758,Faible
73318690,0,0.369,Moyen
73318699,0,0.1702,Faible
73318702,0,0.0087,Faible
73318720,0,0.0124,Faible
73318725,0,0.0687,Faible
73318728,0,0.0136,Faible
73318750,0,0.3228,Moyen
73318812,0,0.1923,Faible
73318819,0,0.013,Faible
73318839,0,0.2399,Faible
73318840,0,0.0161,Faible
73318848,1,0.7293,Haut
73318861,0,0.3738,Moyen
73318869,0,0.0707,Faible
73318886,0,0.4446,Moyen
73318915,0,0.2549,Faible
73318928,0,0.3919,Moyen
73318932,0,0.0243,Faible
73318942,0,0.2511,Faible
73318989,0,0.4497,Moyen
73318993,0,0.678,Haut
73319091,0,0.0323,Faible
73319202,0,0.0106,Faible
73319634,1,0.9967,Haut
73319710,0,0.0068,Faible
73319730,0,0.2025,Faible
73319750,0,0.0274,Faible
73319819,0,0.0133,Faible
73319820,0,0.2272,Faible
73319823,0,0.1902,Faible
73319836,0,0.2803,Faible
73319840,0,0.3515,Moyen
73319842,1,0.9978,Haut
73319854,0,0.4789,Moyen
73319859,0,0.2359,Faible
73319895,0,0.3164,Moyen
73319920,0,0.3546,Moyen
73319930,0,0.3451,Moyen
73319969,1,0.3988,Moyen
73319978,1,0.9977,Haut
73319981,0,0.1269,Faible
73320004,1,0.1066,Faible
73320015,0,0.0197,Faible
73320069,1,0.3154,Moyen
73320085,0,0.2166,Faible
73320153,0,0.3466,Moyen
73320175,0,0.3161,Moyen
73320176,0,0.3498,Moyen
73320187,0,0.3309,Moyen
73320196,0,0.133,Faible
73320203,0,0.2661,Faible
73320229,0,0.3164,Moyen
73320350,0,0.0162,Faible
73320387,1,0.9967,Haut
73320402,0,0.2632,Faible
73320405,1,0.382,Moyen
73320413,1,0.9978,Haut
73320421,0,0.0064,Faible
73320440,1,0.9967,Haut
73320498,0,0.1378,Faible
73320527,0,0.0091,Faible
73320537,1,0.3161,Moyen
73320550,1,0.5884,Moyen
73320581,0,0.0407,Faible
73320590,1,0.9978,Haut
73320600,0,0.0206,Faible
73320601,0,0.1989,Faible
73320638,0,0.0152,Faible
73320651,0,0.023,Faible
73320657,0,0.3942,Moyen
73320697,1,0.9978,Haut
73320700,0,0.3952,Moyen
73320734,0,0.0507,Faible
73320735,0,0.3988,Moyen
73320740,0,0.2274,Faible
73320755,1,0.2511,Faible
73320764,0,0.2707,Faible
73320784,0,0.2731,Faible
73320786,0,0.2167,Faible
73320794,1,0.9978,Haut
73320798,0,0.3423,Moyen
73320802,0,0.1279,Faible
73320825,0,0.1184,Faible
73320827,0,0.1622,Faible
73320829,0,0.0237,Faible
73320832,0,0.2456,Faible
73320837,0,0.0787,Faible
73320845,1,0.5347,Moyen
73321117,0,0.0087,Faible
73321333,0,0.011,Faible
73321672,0,0.0096,Faible
73322043,0,0.1769,Faible
73322068,0,0.3067,Moyen
73322087,1,0.9978,Haut
73322088,0,0.3017,Moyen
73322094,1,0.9978,Haut
73322103,0,0.3409,Moyen
73322104,0,0.0843,Faible
73322105,0,0.3988,Moyen
73322445,0,0.0063,Faible
73322448,0,0.0063,Faible
73322861,0,0.0081,Faible
73323020,0,0.0418,Faible
73323101,0,0.637,Haut
73324011,0,0.325,Moyen
73324021,0,0.2878,Faible
73324027,0,0.382,Moyen
73324049,0,0.0082,Faible
73324109,0,0.0135,Faible
73324159,0,0.0521,Faible
73324164,0,0.01,Faible
73324173,0,0.0125,Faible
73324181,0,0.0126,Faible
73324221,0,0.0259,Faible
73324288,0,0.161,Faible
73324293,0,0.0214,Faible
73324298,0,0.0237,Faible
73324307,0,0.0131,Faible
73324334,0,0.1613,Faible
73324348,0,0.0103,Faible
73324362,0,0.0101,Faible
73324374,0,0.0174,Faible
73324379,0,0.0079,Faible
73324413,0,0.0153,Faible
73324430,1,0.4281,Moyen
73324476,0,0.0195,Faible
73324507,0,0.0065,Faible
73324612,1,0.9977,Haut
73324621,0,0.3468,Moyen
73324640,0,0.1769,Faible
73324685,0,0.3232,Moyen
73324742,0,0.0158,Faible
73324749,0,0.3988,Moyen
73324781,1,0.9978,Haut
73324783,1,0.28,Faible
73324819,0,0.1733,Faible
73324831,0,0.0054,Faible
73324842,0,0.0268,Faible
73324911,1,0.5884,Moyen
73324918,0,0.0115,Faible
73324998,1,0.9978,Haut
73325033,0,0.3691,Moyen
73325159,0,0.0151,Faible
73325255,1,0.9977,Haut
73325283,0,0.0314,Faible
73325291,0,0.261,Faible
73325367,0,0.3017,Moyen
73325405,0,0.037,Faible
73325419,0,0.0075,Faible
73325434,0,0.2012,Faible
73325461,0,0.3017,Moyen
73325528,0,0.0093,Faible
73325575,0,0.0079,Faible
73325586,0,0.3942,Moyen
73325604,0,0.012,Faible
73325607,0,0.0244,Faible
73325617,0,0.0209,Faible
73325629,0,0.2328,Faible
73325639,0,0.1515,Faible
73325658,0,0.0218,Faible
73325683,0,0.0314,Faible
73325719,0,0.2674,Faible
73325745,0,0.3232,Moyen
73325826,0,0.0534,Faible
73325882,0,0.0164,Faible
73325920,1,0.1377,Faible
73325928,0,0.008,Faible
73325935,0,0.0125,Faible
73325949,0,0.2095,Faible
73325970,0,0.2714,Faible
73325977,1,0.9967,Haut
73325981,0,0.0153,Faible
73325986,0,0.2892,Faible
73325987,0,0.0237,Faible
73327033,0,0.0401,Faible
73327090,0,0.2308,Faible
73327168,1,0.9978,Haut
73327180,0,0.0144,Faible
73327212,0,0.0108,Faible
73327251,1,0.2719,Faible
73327276,0,0.0174,Faible
73327342,0,0.0231,Faible
73327384,1,0.9967,Haut
73327386,0,0.022,Faible
73327437,1,0.9969,Haut
73327446,0,0.3468,Moyen
73327498,1,0.3232,Moyen
73327604,0,0.3154,Moyen
73327750,1,0.1659,Faible
73327785,0,0.0131,Faible
73327838,0,0.0087,Faible
73327846,1,0.9967,Haut
73327866,0,0.2511,Faible
73327908,0,0.2094,Faible
73327916,0,0.2247,Faible
73327953,0,0.0217,Faible
73327968,0,0.006,Faible
73327983,1,0.402,Moyen
73327995,0,0.1428,Faible
73328015,0,0.0139,Faible
73328021,0,0.0206,Faible
73328044,0,0.5402,Moyen
73328084,0,0.6495,Haut
73328114,0,0.2108,Faible
73328209,0,0.0174,Faible
73328294,0,0.1335,Faible
73328356,0,0.0374,Faible
73328358,0,0.3197,Moyen
73328445,0,0.0164,Faible
73328517,0,0.1682,Faible
73328713,0,0.0062,Faible
73328773,0,0.0181,Faible
73328887,0,0.3224,Moyen
73328902,0,0.3468,Moyen
73328914,1,0.9977,Haut
73328916,0,0.2518,Faible
73328931,0,0.0153,Faible
73329505,0,0.1195,Faible
73329806,0,0.3161,Moyen
73329967,0,0.2077,Faible
73330013,1,0.9973,Haut
73330066,0,0.2339,Faible
73330076,0,0.3136,Moyen
73330150,0,0.0141,Faible
73330245,0,0.3232,Moyen
73330288,1,0.3154,Moyen
73330349,0,0.3232,Moyen
73330351,0,0.0252,Faible
73330352,1,0.9977,Haut
73330355,1,0.9978,Haut
73330357,1,0.9978,Haut
73330393,0,0.1778,Faible
73330440,0,0.254,Faible
73330613,0,0.0326,Faible
73330617,0,0.4285,Moyen
73330634,0,0.3163,Moyen
73330649,1,0.9978,Haut
73330724,0,0.3988,Moyen
73330725,1,0.3331,Moyen
73330781,0,0.2637,Faible
73330790,0,0.0185,Faible
73330817,0,0.1825,Faible
73330837,0,0.0068,Faible
73330857,1,0.5177,Moyen
73330874,1,0.2592,Faible
73330916,0,0.3952,Moyen
73330930,1,0.9978,Haut
73330939,1,0.9978,Haut
73330949,0,0.015,Faible
73330950,1,0.4155,Moyen
73330956,0,0.156,Faible
73330960,1,0.9978,Haut
73330987,0,0.2445,Faible
73331012,0,0.062,Faible
73331026,0,0.0911,Faible
73331027,1,0.9978,Haut
73331039,0,0.3988,Moyen
73331043,1,0.9978,Haut
73331047,1,0.4263,Moyen
73331051,0,0.2881,Faible
73331052,0,0.3988,Moyen
73331065,1,0.9978,Haut
73331136,0,0.1721,Faible
73331272,1,0.9978,Haut
73331838,0,0.0307,Faible
73332675,0,0.0167,Faible
73333491,1,0.9964,Haut
73333700,0,0.0068,Faible
73338063,1,0.5383,Moyen
73338165,1,0.9978,Haut
73338209,0,0.0525,Faible
73338231,1,0.9978,Haut
73338725,0,0.5131,Moyen
73338919,0,0.0113,Faible
73339067,1,0.9967,Haut
73339096,1,0.9967,Haut
73339100,1,0.5551,Moyen
73339315,1,0.4263,Moyen
73339448,1,0.9973,Haut
73339471,0,0.0109,Faible
73339747,0,0.013,Faible
73340022,0,0.3016,Moyen
73340035,1,0.3691,Moyen
73340036,1,0.5884,Moyen
73340067,0,0.382,Moyen
73340122,1,0.3213,Moyen
73340174,0,0.1835,Faible
73340191,1,0.5884,Moyen
73340229,0,0.3077,Moyen
73340240,0,0.0237,Faible
73340244,0,0.0098,Faible
73340277,0,0.1725,Faible
73340279,0,0.2489,Faible
73340280,0,0.3323,Moyen
73340300,0,0.3691,Moyen
73340312,0,0.0147,Faible
73340325,1,0.1827,Faible
73340370,0,0.0235,Faible
73340399,0,0.3942,Moyen
73340406,0,0.3691,Moyen
73340408,0,0.0075,Faible
73340415,1,0.9977,Haut
73340432,0,0.3017,Moyen
73340438,0,0.4187,Moyen
73340445,0,0.1348,Faible
73340482,0,0.0119,Faible
73340486,0,0.0121,Faible
73340524,1,0.018,Faible
73340543,0,0.3396,Moyen
73340561,0,0.1698,Faible
73340590,1,0.3789,Moyen
73340597,0,0.2291,Faible
73340603,0,0.3959,Moyen
73340610,0,0.0286,Faible
73340618,0,0.2629,Faible
73340622,0,0.2511,Faible
73340652,0,0.2511,Faible
73340669,1,0.2946,Faible
73340690,0,0.0849,Faible
73340691,0,0.0124,Faible
73340713,1,0.9978,Haut
73340721,0,0.3005,Moyen
73340730,0,0.3702,Moyen
73340732,0,0.206,Faible
73340844,0,0.3445,Moyen
73340859,1,0.2877,Faible
73340862,0,0.1828,Faible
73340921,0,0.1444,Faible
73340922,0,0.2511,Faible
73340925,0,0.2339,Faible
73340926,0,0.03,Faible
73340927,1,0.9967,Haut
73340934,0,0.0666,Faible
73340942,0,0.0078,Faible
73340946,0,0.2447,Faible
73340951,0,0.4263,Moyen
73340955,0,0.3468,Moyen
73340956,0,0.3192,Moyen
73340958,0,0.3902,Moyen
73340965,0,0.2511,Faible
73340968,0,0.2065,Faible
73340971,0,0.0102,Faible
73340982,0,0.2511,Faible
73340984,0,0.0837,Faible
73340998,0,0.0911,Faible
73341166,0,0.2959,Faible
73341185,0,0.1444,Faible
73341191,1,0.3468,Moyen
73341203,0,0.3451,Moyen
73341215,1,0.9965,Haut
73341228,0,0.6443,Haut
73341314,0,0.3919,Moyen
73341315,0,0.0195,Faible
73341323,0,0.3017,Moyen
73341363,1,0.998,Haut
73341492,0,0.1025,Faible
73341577,0,0.288,Faible
73341605,0,0.0134,Faible
73341613,1,0.3988,Moyen
73341615,0,0.0161,Faible
73341626,0,0.4392,Moyen
73341655,0,0.0314,Faible
73341661,0,0.1635,Faible
73341663,0,0.3232,Moyen
73341664,0,0.1987,Faible
73341683,0,0.1235,Faible
73341727,0,0.3598,Moyen
73341728,0,0.1015,Faible
73341732,0,0.2511,Faible
73341761,0,0.2754,Faible
73341796,0,0.2166,Faible
73341851,0,0.1816,Faible
73341857,0,0.0193,Faible
73341881,1,0.2511,Faible
73341899,0,0.0125,Faible
73341910,0,0.5402,Moyen
73341922,0,0.3942,Moyen
73341937,0,0.2079,Faible
73341950,0,0.1598,Faible
73341953,0,0.4537,Moyen
73341995,0,0.382,Moyen
73342053,0,0.3163,Moyen
73342064,0,0.3913,Moyen
73342067,0,0.3015,Moyen
73342068,1,0.9978,Haut
73342082,0,0.2489,Faible
73342088,0,0.2823,Faible
73342098,1,0.9969,Haut
73342122,0,0.3198,Moyen
73342149,0,0.3013,Moyen
73342152,1,0.4786,Moyen
73342154,0,0.29,Faible
73342304,0,0.0216,Faible
73342312,1,0.9978,Haut
73342327,0,0.2511,Faible
73342366,1,0.9977,Haut
73342391,0,0.2108,Faible
73342552,0,0.2005,Faible
73342556,1,0.9977,Haut
73342562,0,0.5615,Moyen
73342573,0,0.0126,Faible
73342575,0,0.0151,Faible
73342582,0,0.3617,Moyen
73343272,0,0.0074,Faible
73343977,0,0.1528,Faible
73344084,0,0.0137,Faible
73344127,1,0.9967,Haut
73344132,0,0.1354,Faible
73344141,1,0.4976,Moyen
73344559,0,0.5682,Moyen
73344859,0,0.4657,Moyen
73344972,0,0.0088,Faible
73344973,0,0.2543,Faible
73344988,0,0.2628,Faible
73345035,1,0.5762,Moyen
73345122,1,0.9978,Haut
73345202,0,0.3232,Moyen
73345225,0,0.3007,Moyen
73345247,1,0.9978,Haut
73345302,0,0.008,Faible
73345307,0,0.1973,Faible
73345338,0,0.2167,Faible
73345358,0,0.2903,Faible
73345367,0,0.2759,Faible
73345389,0,0.3154,Moyen
73345390,1,0.9977,Haut
73345418,1,0.9978,Haut
73345422,0,0.3161,Moyen
73345426,0,0.419,Moyen
73345427,0,0.219,Faible
73345428,1,0.7286,Haut
73345434,0,0.3843,Moyen
73345446,0,0.2754,Faible
73345448,0,0.4087,Moyen
73345458,0,0.4111,Moyen
73345469,0,0.1017,Faible
73345474,1,0.5421,Moyen
73345490,0,0.28,Faible
73345512,1,0.9967,Haut
73345548,0,0.0107,Faible
73345574,0,0.2784,Faible
73345581,0,0.3668,Moyen
73345632,0,0.2771,Faible
73345688,0,0.4814,Moyen
73345702,0,0.3364,Moyen
73345721,0,0.2593,Faible
73345806,0,0.422,Moyen
73345814,0,0.0736,Faible
73345815,1,0.9978,Haut
73345816,1,0.9978,Haut
73345824,0,0.2719,Faible
73345848,0,0.3558,Moyen
73345849,1,0.2664,Faible
73345873,0,0.1279,Faible
73345881,1,0.9978,Haut
73345888,0,0.0068,Faible
73345901,0,0.3033,Moyen
73345902,1,0.9978,Haut
73345903,0,0.0095,Faible
73345908,0,0.2511,Faible
73345913,0,0.0126,Faible
73345914,1,0.2511,Faible
73345915,0,0.2174,Faible
73345919,0,0.2247,Faible
73345924,0,0.0153,Faible
73346022,1,0.4471,Moyen
73346054,1,0.9977,Haut
73346188,0,0.2912,Faible
73346193,0,0.1002,Faible
73346225,0,0.008,Faible
73346267,1,0.9978,Haut
73346288,0,0.0068,Faible
73346993,0,0.1802,Faible
73347200,0,0.0049,Faible
73347202,0,0.0073,Faible
73347203,0,0.0073,Faible
73347204,0,0.0073,Faible
73347205,0,0.0073,Faible
73347206,0,0.0073,Faible
73347208,0,0.0073,Faible
73347814,0,0.3919,Moyen
73348479,0,0.0066,Faible
73349135,0,0.0114,Faible
73349226,0,0.1378,Faible
73349227,0,0.3468,Moyen
73349241,0,0.2873,Faible
73349242,0,0.1941,Faible
73349243,0,0.1301,Faible
73349250,0,0.3031,Moyen
73349257,1,0.9978,Haut
73349278,0,0.3017,Moyen
73349333,0,0.2242,Faible
73349381,0,0.3232,Moyen
73349383,0,0.3154,Moyen
73349621,0,0.012,Faible
73349627,0,0.4263,Moyen
73349969,0,0.0177,Faible
73349975,1,0.9978,Haut
73349977,1,0.9969,Haut
73349995,0,0.2868,Faible
73350009,1,0.9978,Haut
73350039,0,0.0134,Faible
73350049,0,0.2615,Faible
73350078,1,0.9978,Haut
73350154,1,0.382,Moyen
73350187,0,0.0198,Faible
73350207,0,0.2637,Faible
73350277,0,0.0576,Faible
73350283,0,0.2248,Faible
73350299,1,0.9978,Haut
73350302,0,0.28,Faible
73350313,1,0.2508,Faible
73350316,0,0.1287,Faible
73350318,0,0.2486,Faible
73350325,0,0.4263,Moyen
73350343,0,0.0085,Faible
73350347,1,0.9973,Haut
73350377,0,0.0201,Faible
73350423,0,0.0101,Faible
73350436,0,0.0134,Faible
73350458,0,0.3988,Moyen
73350466,1,0.2604,Faible
73350481,1,0.9978,Haut
73350497,0,0.0102,Faible
73350534,0,0.5684,Moyen
73350550,0,0.3309,Moyen
73350573,0,0.2402,Faible
73350617,0,0.0067,Faible
73350711,1,0.4624,Moyen
73350714,1,0.3988,Moyen
73350734,0,0.1902,Faible
73350735,0,0.2731,Faible
73350742,0,0.1815,Faible
73350752,1,0.9977,Haut
73350781,0,0.012,Faible
73350811,0,0.4929,Moyen
73350823,0,0.2399,Faible
73350886,0,0.0085,Faible
73350919,0,0.2937,Faible
73351065,0,0.1685,Faible
73351099,0,0.0041,Faible
73351177,0,0.1818,Faible
73351187,1,0.9967,Haut
73351261,1,0.9969,Haut
73351743,0,0.1386,Faible
73351748,0,0.4789,Moyen
73351794,0,0.2077,Faible
73351807,0,0.3942,Moyen
73351808,0,0.4513,Moyen
73352877,0,0.3967,Moyen
73353040,0,0.3161,Moyen
73353123,1,0.9967,Haut
73353135,0,0.7815,Haut
73353167,1,0.4399,Moyen
73353183,0,0.4393,Moyen
73353279,0,0.0108,Faible
73353281,0,0.1896,Faible
73353435,0,0.1803,Faible
73353577,0,0.0216,Faible
73353584,0,0.5987,Moyen
73353586,1,0.9977,Haut
73353979,0,0.0126,Faible
73354034,1,0.6071,Haut
73354036,1,0.998,Haut
73354037,1,0.3468,Moyen
73354047,1,0.9978,Haut
73354153,1,0.9978,Haut
73354173,1,0.9977,Haut
73354216,1,0.9977,Haut
73354504,0,0.0047,Faible
73355000,1,0.9977,Haut
73356114,0,0.3988,Moyen
73356189,0,0.0135,Faible
73356193,1,0.3017,Moyen
73356233,0,0.2847,Faible
73356270,0,0.4158,Moyen
73356288,1,0.9977,Haut
73356386,0,0.3525,Moyen
73356472,0,0.007,Faible
73356554,0,0.2237,Faible
73356635,1,0.9978,Haut
73356638,1,0.9977,Haut
73356736,0,0.0272,Faible
73356766,0,0.1287,Faible
73356858,0,0.2156,Faible
73356863,1,0.75,Haut
73356868,0,0.249,Faible
73356874,0,0.0198,Faible
73356886,0,0.4789,Moyen
73356902,0,0.0098,Faible
73356922,0,0.0107,Faible
73356936,0,0.0218,Faible
73356956,0,0.01,Faible
73356989,0,0.0177,Faible
73357052,0,0.0099,Faible
73357103,0,0.028,Faible
73357122,0,0.0249,Faible
73357141,1,0.9977,Haut
73357142,0,0.1769,Faible
73357144,1,0.2256,Faible
73357145,0,0.3161,Moyen
73357188,1,0.3017,Moyen
73357190,1,0.9977,Haut
73357260,1,0.9978,Haut
73357274,0,0.0167,Faible
73357292,0,0.0143,Faible
73357393,0,0.4702,Moyen
73357410,0,0.0118,Faible
73357415,0,0.012,Faible
73357426,1,0.5113,Moyen
73357444,0,0.2375,Faible
73357504,0,0.0207,Faible
73357579,0,0.039,Faible
73357613,0,0.2274,Faible
73357825,0,0.459,Moyen
73357892,0,0.0506,Faible
73357898,1,0.4283,Moyen
73357929,0,0.0178,Faible
73357944,0,0.0127,Faible
73357946,0,0.2413,Faible
73357974,0,0.0118,Faible
73357976,0,0.369,Moyen
73357982,0,0.3152,Moyen
73358017,0,0.4267,Moyen
73358175,0,0.0218,Faible
73358181,0,0.0067,Faible
73358186,0,0.4146,Moyen
73358187,0,0.0259,Faible
73358188,0,0.0178,Faible
73358199,0,0.2511,Faible
73358227,0,0.0175,Faible
73358255,0,0.4263,Moyen
73358441,0,0.0079,Faible
73358535,0,0.4173,Moyen
73358636,0,0.1585,Faible
73358921,0,0.5884,Moyen
73358967,0,0.0206,Faible
73358981,0,0.3327,Moyen
73358991,0,0.012,Faible
73360006,0,0.4263,Moyen
73360041,1,0.9978,Haut
73360055,0,0.0085,Faible
73360059,0,0.3691,Moyen
73360106,0,0.017,Faible
73360206,1,0.9964,Haut
73360232,0,0.5682,Moyen
73360235,1,0.3079,Moyen
73360249,0,0.3962,Moyen
73360276,0,0.0093,Faible
73360280,0,0.3375,Moyen
73360295,0,0.0101,Faible
73360309,0,0.2202,Faible
73360339,1,0.6168,Haut
73360340,0,0.0812,Faible
73360344,0,0.01,Faible
73360350,1,0.9977,Haut
73360393,0,0.0153,Faible
73360437,0,0.0108,Faible
73360460,0,0.0059,Faible
73360515,0,0.01,Faible
73360525,0,0.2012,Faible
73360562,0,0.2511,Faible
73360590,0,0.2557,Faible
73360608,1,0.3898,Moyen
73360617,0,0.2061,Faible
73360627,1,0.998,Haut
73360629,1,0.9969,Haut
73360641,0,0.3232,Moyen
73360650,1,0.3099,Moyen
73360673,1,0.9973,Haut
73360676,0,0.402,Moyen
73360677,0,0.0161,Faible
73360682,0,0.0279,Faible
73360711,1,0.5111,Moyen
73360720,1,0.4755,Moyen
73360724,0,0.4263,Moyen
73360747,1,0.9969,Haut
73360799,0,0.4561,Moyen
73360924,1,0.9977,Haut
73360971,0,0.0093,Faible
73360988,1,0.5682,Moyen
73361059,0,0.157,Faible
73361069,0,0.3988,Moyen
73361122,1,0.9967,Haut
73361171,0,0.0089,Faible
73361182,1,0.9978,Haut
73361189,0,0.0103,Faible
73361198,0,0.018,Faible
73361205,0,0.3423,Moyen
73361220,1,0.9977,Haut
73361230,1,0.382,Moyen
73361312,0,0.0135,Faible
73361358,0,0.0086,Faible
73361365,0,0.0174,Faible
73361398,1,0.3405,Moyen
73361431,0,0.0103,Faible
73361499,0,0.3468,Moyen
73361541,1,0.3988,Moyen
73361552,0,0.3988,Moyen
73361572,1,0.4261,Moyen
73361578,1,0.9978,Haut
73361611,1,0.9977,Haut
73361614,0,0.3232,Moyen
73361620,0,0.2374,Faible
73361631,0,0.0081,Faible
73361666,1,0.5884,Moyen
73361706,0,0.0113,Faible
73361709,0,0.1968,Faible
73361715,0,0.3468,Moyen
73361775,0,0.0103,Faible
73361790,0,0.479,Moyen
73361793,0,0.016,Faible
73361813,0,0.0103,Faible
73361827,1,0.9969,Haut
73361833,0,0.0785,Faible
73361849,0,0.0243,Faible
73361853,0,0.267,Faible
73361856,0,0.2331,Faible
73361860,0,0.0139,Faible
73361879,0,0.0089,Faible
73361889,1,0.9977,Haut
73361906,0,0.3232,Moyen
73361976,1,0.9977,Haut
73362034,0,0.3668,Moyen
73362108,0,0.1015,Faible
73362189,0,0.042,Faible
73362207,0,0.1726,Faible
73362210,0,0.3254,Moyen
73362211,0,0.2533,Faible
73362217,1,0.9978,Haut
73362247,1,0.9978,Haut
73362272,0,0.2105,Faible
73362274,0,0.5884,Moyen
73362324,0,0.0174,Faible
73362394,0,0.3161,Moyen
73362434,0,0.1912,Faible
73362475,0,0.0192,Faible
73362555,1,0.9977,Haut
73362603,0,0.2174,Faible
73362694,0,0.2489,Faible
73362720,0,0.5682,Moyen
73362758,0,0.0135,Faible
73362791,0,0.0154,Faible
73362796,0,0.0088,Faible
73362817,0,0.0286,Faible
73362903,0,0.3165,Moyen
73362907,0,0.3232,Moyen
73362917,0,0.0134,Faible
73362990,0,0.3094,Moyen
73363005,0,0.5852,Moyen
73363059,0,0.0103,Faible
73363066,1,0.9977,Haut
73363071,0,0.3154,Moyen
73363098,1,0.9978,Haut
73363104,0,0.3735,Moyen
73363140,0,0.014,Faible
73363148,1,0.0562,Faible
73363249,1,0.9969,Haut
73363264,0,0.0453,Faible
73363338,0,0.4158,Moyen
73363361,0,0.3161,Moyen
73363383,0,0.0087,Faible
73363404,0,0.3919,Moyen
73363468,0,0.0126,Faible
73363496,0,0.0231,Faible
73363497,0,0.3232,Moyen
73363501,0,0.0099,Faible
73363503,0,0.0548,Faible
73363591,1,0.9977,Haut
73363708,1,0.3668,Moyen
73363826,1,0.9977,Haut
73363831,0,0.0226,Faible
73363853,1,0.9977,Haut
73363868,0,0.2086,Faible
73363927,1,0.9977,Haut
73363946,1,0.1884,Faible
73364108,0,0.1818,Faible
73364132,0,0.0103,Faible
73364151,0,0.2314,Faible
73364319,1,0.9977,Haut
73364368,1,0.9977,Haut
73364420,0,0.0084,Faible
73364522,0,0.0198,Faible
73364628,0,0.009,Faible
73364675,0,0.2208,Faible
73364848,0,0.3919,Moyen
73364917,0,0.3615,Moyen
73365334,1,0.0327,Faible
73365492,0,0.3468,Moyen
73365512,0,0.3163,Moyen
73365711,0,0.0075,Faible
73365722,1,0.9978,Haut
73365919,0,0.3691,Moyen
73365928,0,0.0153,Faible
73365941,0,0.0198,Faible
73365944,0,0.2368,Faible
73365948,0,0.3893,Moyen
73365952,0,0.3017,Moyen
73365958,0,0.0161,Faible
73365959,0,0.3017,Moyen
73365966,0,0.2155,Faible
73365979,0,0.3017,Moyen
73365981,0,0.0146,Faible
73366012,0,0.0173,Faible
73366025,0,0.1844,Faible
73366026,0,0.0099,Faible
73366034,0,0.0099,Faible
73366059,0,0.0113,Faible
73366068,0,0.01,Faible
73366084,0,0.0075,Faible
73366095,0,0.1279,Faible
73366218,0,0.3691,Moyen
73366233,0,0.2257,Faible
73366241,0,0.0927,Faible
73366312,1,0.2878,Faible
73366438,1,0.9969,Haut
73367111,0,0.0126,Faible
73367127,1,0.9978,Haut
73367150,1,0.382,Moyen
73367151,0,0.0279,Faible
73367154,1,0.3952,Moyen
73367166,1,0.9977,Haut
73367222,0,0.0114,Faible
73367236,1,0.9977,Haut
73367262,0,0.0166,Faible
73367285,0,0.0262,Faible
73367296,0,0.5846,Moyen
73367312,1,0.0188,Faible
73367346,1,0.9973,Haut
73367348,1,0.9973,Haut
73367363,1,0.9977,Haut
73367440,0,0.0485,Faible
73367446,1,0.4263,Moyen
73367460,1,0.9967,Haut
73367465,0,0.0078,Faible
73367496,1,0.998,Haut
73367502,1,0.5149,Moyen
73367527,0,0.0046,Faible
73367543,1,0.9967,Haut
73367545,1,0.9978,Haut
73367666,1,0.9977,Haut
73367812,1,0.9978,Haut
73367835,1,0.9978,Haut
73367842,1,0.9967,Haut
73367914,1,0.9977,Haut
73367946,1,0.998,Haut
73368003,1,0.998,Haut
73368053,1,0.9978,Haut
73368058,1,0.9977,Haut
73368094,0,0.0125,Faible
73368114,0,0.0392,Faible
73368162,0,0.0406,Faible
73368224,1,0.2178,Faible
73368227,0,0.0275,Faible
73368296,1,0.6374,Haut
73368297,1,0.9977,Haut
73368306,1,0.9977,Haut
73368447,1,0.9973,Haut
73368558,0,0.0083,Faible
73368626,1,0.5647,Moyen
73368636,0,0.0195,Faible
73368877,1,0.309,Moyen
73369030,1,0.9978,Haut
73369184,1,0.998,Haut
73369205,1,0.9977,Haut
73369377,1,0.9977,Haut
73369410,0,0.0162,Faible
73369681,1,0.9967,Haut
73369730,1,0.9977,Haut
73369814,0,0.0095,Faible
73369830,0,0.0124,Faible
73369886,0,0.1195,Faible
73370018,0,0.3388,Moyen
73370028,0,0.1759,Faible
73370061,1,0.4478,Moyen
73370066,0,0.0864,Faible
73370116,0,0.3468,Moyen
73370125,0,0.3942,Moyen
73370129,1,0.9978,Haut
73370187,0,0.2175,Faible
73370318,1,0.3017,Moyen
73370327,0,0.3048,Moyen
73370328,1,0.9978,Haut
73370499,1,0.9978,Haut
73370577,0,0.3068,Moyen
73370667,0,0.3318,Moyen
73370702,0,0.3988,Moyen
73370764,0,0.012,Faible
73371838,0,0.1402,Faible
73371849,0,0.2719,Faible
73371959,1,0.5548,Moyen
73372075,0,0.5682,Moyen
73372295,0,0.2541,Faible
73372351,0,0.125,Faible
73372359,0,0.382,Moyen
73372415,0,0.2115,Faible
73372509,1,0.9978,Haut
73372544,0,0.3645,Moyen
73372545,0,0.2786,Faible
73372595,0,0.0102,Faible
73372948,0,0.0049,Faible
73373038,1,0.9977,Haut
73373059,0,0.1594,Faible
73373067,1,0.1442,Faible
73373086,1,0.2433,Faible
73373094,1,0.9977,Haut
73373131,0,0.3232,Moyen
73373141,0,0.1767,Faible
73373150,0,0.2055,Faible
73373166,0,0.3526,Moyen
73373193,1,0.293,Faible
73373503,1,0.3451,Moyen
73373716,0,0.2274,Faible
73373724,0,0.3,Faible
73373734,1,0.5274,Moyen
73373767,0,0.2947,Faible
73373780,0,0.0127,Faible
73373791,0,0.0075,Faible
73373939,0,0.4144,Moyen
73373959,0,0.4719,Moyen
73373962,1,0.9978,Haut
73373967,0,0.2511,Faible
73374014,0,0.2198,Faible
73374197,1,0.9978,Haut
73374310,1,0.9977,Haut
73374549,0,0.3319,Moyen
73374780,1,0.6661,Haut
73374967,1,0.9978,Haut
73376003,0,0.2686,Faible
73376064,0,0.2771,Faible
73376065,0,0.3691,Moyen
73376068,0,0.1638,Faible
73376079,0,0.2208,Faible
73376094,0,0.2129,Faible
73376170,1,0.9977,Haut
73376478,0,0.0906,Faible
73376481,0,0.1315,Faible
73376522,0,0.3942,Moyen
73376588,0,0.0279,Faible
73376604,0,0.3942,Moyen
73376622,1,0.4263,Moyen
73376638,1,0.382,Moyen
73376639,0,0.2335,Faible
73376650,1,0.4291,Moyen
73376653,0,0.3683,Moyen
73376745,0,0.1268,Faible
73376752,0,0.2308,Faible
73376763,0,0.0246,Faible
73376781,0,0.0279,Faible
73376790,1,0.3388,Moyen
73376795,1,0.9977,Haut
73377010,0,0.0286,Faible
73377017,0,0.0118,Faible
73377062,0,0.3254,Moyen
73377066,1,0.9977,Haut
73377087,1,0.3942,Moyen
73377126,0,0.0197,Faible
73377136,1,0.9977,Haut
73377452,0,0.2055,Faible
73377606,0,0.1751,Faible
73377905,1,0.9977,Haut
73378211,1,0.9967,Haut
73378253,1,0.3988,Moyen
73378259,1,0.9977,Haut
73378267,1,0.9977,Haut
73378288,1,0.5052,Moyen
73378289,1,0.6184,Haut
73378334,0,0.0249,Faible
73378351,0,0.0116,Faible
73378525,0,0.3942,Moyen
73378543,1,0.3192,Moyen
73378544,1,0.382,Moyen
73378546,0,0.1998,Faible
73378553,1,0.4581,Moyen
73378557,0,0.0264,Faible
73378558,1,0.9977,Haut
73378570,0,0.2242,Faible
73378578,0,0.1859,Faible
73378810,1,0.5164,Moyen
73378823,1,0.9967,Haut
73378926,1,0.2515,Faible
73378972,0,0.0738,Faible
73378986,0,0.0093,Faible
73379015,0,0.4022,Moyen
73379082,0,0.3942,Moyen
73379102,0,0.2719,Faible
73379125,0,0.2437,Faible
73379130,1,0.3427,Moyen
73379149,0,0.621,Haut
73379176,1,0.9978,Haut
73379197,0,0.4022,Moyen
73379243,1,0.9969,Haut
73379374,0,0.2046,Faible
73379389,0,0.012,Faible
73379392,1,0.9978,Haut
73379640,0,0.3468,Moyen
73379663,0,0.1006,Faible
73379677,0,0.3919,Moyen
73379696,1,0.4463,Moyen
73379706,0,0.382,Moyen
73379728,0,0.2263,Faible
73379738,0,0.4793,Moyen
73379758,0,0.1684,Faible
73379787,0,0.4447,Moyen
73379815,1,0.3021,Moyen
73379822,0,0.34,Moyen
73379847,1,0.4839,Moyen
73379859,0,0.3319,Moyen
73379954,0,0.1818,Faible
73380053,0,0.5884,Moyen
73380056,0,0.0121,Faible
73380061,1,0.9977,Haut
73380095,0,0.0286,Faible
73380102,0,0.2878,Faible
73380118,0,0.5884,Moyen
73380150,0,0.3988,Moyen
73380155,0,0.1819,Faible
73380172,0,0.3988,Moyen
73380199,0,0.3468,Moyen
73380201,0,0.1653,Faible
73380225,1,0.9977,Haut
73380251,1,0.9978,Haut
73380291,1,0.9977,Haut
73380353,0,0.4263,Moyen
73380484,0,0.0206,Faible
73380535,1,0.9977,Haut
73380586,0,0.1438,Faible
73380619,1,0.9978,Haut
73380633,0,0.1354,Faible
73380662,1,0.9978,Haut
73380686,0,0.2878,Faible
73380688,0,0.0192,Faible
73380772,1,0.9977,Haut
73380865,0,0.0317,Faible
73380868,0,0.0049,Faible
73380873,0,0.3161,Moyen
73380970,0,0.0101,Faible
73380992,0,0.5884,Moyen
73381158,0,0.4789,Moyen
73381174,0,0.0046,Faible
73381181,0,0.0167,Faible
73381224,0,0.1124,Faible
73381234,0,0.0063,Faible
73381269,0,0.1459,Faible
73381318,0,0.382,Moyen
73381407,0,0.0987,Faible
73381418,0,0.1478,Faible
73381853,0,0.011,Faible
73382048,1,0.9967,Haut
73382088,1,0.9967,Haut
73382103,1,0.9978,Haut
73382146,0,0.2947,Faible
73382290,0,0.0049,Faible
73382292,0,0.0222,Faible
73382701,1,0.9977,Haut
73382732,0,0.3319,Moyen
73383015,0,0.0075,Faible
73383237,0,0.0063,Faible
73383344,1,0.9978,Haut
73383804,1,0.9978,Haut
73383909,1,0.998,Haut
73383915,0,0.0104,Faible
73384167,0,0.5387,Moyen
73384712,1,0.9977,Haut
73385053,0,0.0176,Faible
73385054,1,0.4263,Moyen
73385060,0,0.0261,Faible
73385080,0,0.0096,Faible
73385172,0,0.3988,Moyen
73385201,0,0.1915,Faible
73385261,0,0.3988,Moyen
73385274,1,0.9977,Haut
73385277,0,0.4159,Moyen
73385278,0,0.0167,Faible
73385286,0,0.1641,Faible
73385312,0,0.449,Moyen
73385325,1,0.9973,Haut
73385333,1,0.9978,Haut
73385342,0,0.141,Faible
73385357,0,0.4174,Moyen
73385391,0,0.0229,Faible
73385450,1,0.9967,Haut
73385472,1,0.9977,Haut
73385499,0,0.0153,Faible
73385520,0,0.0561,Faible
73385546,0,0.3988,Moyen
73385573,1,0.9978,Haut
73385575,0,0.3747,Moyen
73385583,1,0.3534,Moyen
73385864,1,0.2737,Faible
73386019,0,0.1795,Faible
73386028,0,0.2592,Faible
73386034,0,0.5347,Moyen
73386035,0,0.0407,Faible
73386212,0,0.0082,Faible
73386221,0,0.0162,Faible
73386248,0,0.3149,Moyen
73386264,0,0.3962,Moyen
73386289,0,0.0116,Faible
73386401,1,0.4261,Moyen
73386520,0,0.0382,Faible
73386534,0,0.0078,Faible
73386608,0,0.0152,Faible
73386673,1,0.9977,Haut
73386735,0,0.0069,Faible
73386753,0,0.0197,Faible
73386847,0,0.0151,Faible
73386936,0,0.3017,Moyen
73387052,0,0.4369,Moyen
73387090,0,0.4369,Moyen
73387092,1,0.5387,Moyen
73387095,0,0.2511,Faible
73387122,0,0.2405,Faible
73387126,0,0.0907,Faible
73387139,0,0.1894,Faible
73387145,0,0.4233,Moyen
73387157,0,0.3545,Moyen
73387172,1,0.9978,Haut
73387183,0,0.0203,Faible
73387207,0,0.3468,Moyen
73387211,1,0.3988,Moyen
73387219,0,0.2798,Faible
73387224,0,0.2569,Faible
73387278,0,0.5347,Moyen
73387287,0,0.0067,Faible
73387289,0,0.3468,Moyen
73387290,0,0.3366,Moyen
73387305,0,0.0092,Faible
73387309,1,0.9962,Haut
73387345,1,0.5722,Moyen
73387419,1,0.7319,Haut
73387431,0,0.0153,Faible
73387436,0,0.1246,Faible
73387456,0,0.2731,Faible
73387461,0,0.2686,Faible
73387465,0,0.0101,Faible
73387476,0,0.2251,Faible
73387486,0,0.4102,Moyen
73387494,0,0.1431,Faible
73387504,0,0.0274,Faible
73387521,0,0.4155,Moyen
73388042,0,0.382,Moyen
73389117,1,0.9969,Haut
73389736,0,0.0314,Faible
73390023,1,0.5993,Moyen
73390048,0,0.0053,Faible
73390226,0,0.1503,Faible
73390265,0,0.2285,Faible
73390449,1,0.5013,Moyen
73390682,0,0.0071,Faible
73390784,1,0.506,Moyen
73390863,1,0.9978,Haut
73390882,0,0.0047,Faible
73391340,1,0.9978,Haut
73391341,1,0.9967,Haut
73391370,1,0.9978,Haut
73391429,1,0.9967,Haut
73391430,1,0.9967,Haut
73392103,0,0.1588,Faible
73392108,0,0.3702,Moyen
73392194,0,0.3178,Moyen
73392224,0,0.2714,Faible
73392305,1,0.3942,Moyen
73392307,0,0.0145,Faible
73392314,0,0.0237,Faible
73392323,0,0.3691,Moyen
73392334,1,0.9977,Haut
73392375,1,0.9977,Haut
73392382,0,0.3017,Moyen
73392389,0,0.0115,Faible
73392399,1,0.9977,Haut
73392498,0,0.4581,Moyen
73392499,0,0.2731,Faible
73392629,0,0.1323,Faible
73392652,0,0.3017,Moyen
73392663,0,0.0097,Faible
73392664,0,0.6661,Haut
73392671,0,0.0114,Faible
73392674,0,0.1459,Faible
73392676,0,0.4051,Moyen
73392682,0,0.2035,Faible
73392685,0,0.0134,Faible
73392697,1,0.9978,Haut
73392709,1,0.9977,Haut
73392719,1,0.9978,Haut
73392733,0,0.2055,Faible
73392737,0,0.0123,Faible
73392744,0,0.3919,Moyen
73392754,0,0.2337,Faible
73392758,1,0.9977,Haut
73392929,0,0.3375,Moyen
73392954,1,0.5457,Moyen
73393170,0,0.022,Faible
73394027,1,0.9978,Haut
73394122,0,0.0062,Faible
73394152,0,0.1952,Faible
73394483,0,0.6944,Haut
73394486,0,0.0246,Faible
73394704,1,0.9978,Haut
73394717,1,0.9967,Haut
73394730,0,0.6181,Haut
73395097,1,0.9978,Haut
73395399,1,0.9978,Haut
73395405,1,0.9973,Haut
73395506,1,0.9972,Haut
73395532,0,0.1421,Faible
73395539,0,0.0206,Faible
73395549,0,0.0217,Faible
73395560,1,0.9967,Haut
73395589,0,0.2511,Faible
73395644,0,0.3814,Moyen
73395686,0,0.232,Faible
73395761,0,0.0245,Faible
73395780,0,0.2138,Faible
73395795,0,0.0037,Faible
73395966,0,0.2878,Faible
73396165,0,0.0123,Faible
73397019,1,0.9977,Haut
73397057,0,0.2947,Faible
73398187,0,0.0365,Faible
73398416,0,0.0055,Faible
73810018,0,0.2385,Faible
73810044,0,0.0084,Faible
73810056,0,0.0067,Faible
73810063,1,0.9978,Haut
73810066,0,0.0142,Faible
73810094,0,0.0509,Faible
73810108,0,0.0211,Faible
73810114,0,0.0085,Faible
73810128,0,0.0374,Faible
73810133,0,0.4839,Moyen
73810175,0,0.1018,Faible
73810184,0,0.0158,Faible
73810204,0,0.008,Faible
73810223,0,0.3988,Moyen
73810318,0,0.0084,Faible
73810322,0,0.0105,Faible
73810399,0,0.0077,Faible
73810488,0,0.1051,Faible
73810492,0,0.0091,Faible
73810826,0,0.3161,Moyen
73810872,0,0.5539,Moyen
73811255,0,0.0141,Faible
73811344,1,0.9978,Haut
73811587,0,0.1827,Faible
73811650,0,0.4011,Moyen
73811783,0,0.0115,Faible
73811852,0,0.1942,Faible
73811870,0,0.2223,Faible
73811894,0,0.1923,Faible
73811906,0,0.0237,Faible
73811917,0,0.3154,Moyen
73811923,0,0.0133,Faible
73811927,0,0.0153,Faible
73811944,0,0.0118,Faible
73811945,0,0.0316,Faible
73811955,0,0.0091,Faible
73811962,0,0.0064,Faible
73811967,0,0.1696,Faible
73811978,0,0.2167,Faible
73812285,0,0.012,Faible
73812506,1,0.2115,Faible
73812536,0,0.22,Faible
73812556,0,0.3142,Moyen
73812558,0,0.0725,Faible
73812561,0,0.0241,Faible
73812588,1,0.628,Haut
73812678,0,0.4263,Moyen
73812695,0,0.0098,Faible
73812712,0,0.1444,Faible
73812772,0,0.225,Faible
73812782,0,0.5347,Moyen
73812825,0,0.0104,Faible
73812844,0,0.6378,Haut
73812849,0,0.5012,Moyen
73812867,1,0.9978,Haut
73812887,1,0.9978,Haut
73812896,0,0.4141,Moyen
73812898,1,0.9978,Haut
73812899,0,0.0082,Faible
73812937,0,0.22,Faible
73812962,0,0.2237,Faible
73812982,0,0.1474,Faible
73813135,1,0.3161,Moyen
73813159,0,0.0237,Faible
73813171,0,0.0135,Faible
73813172,0,0.3988,Moyen
73813174,0,0.0098,Faible
73813210,0,0.28,Faible
73813220,0,0.4146,Moyen
73813225,0,0.5912,Moyen
73813234,0,0.2929,Faible
73813235,1,0.104,Faible
73813238,0,0.1769,Faible
73813260,1,0.9977,Haut
73813266,0,0.2947,Faible
73813268,0,0.2943,Faible
73813345,1,0.9973,Haut
73813351,0,0.1904,Faible
73813352,1,0.3691,Moyen
73813374,0,0.294,Faible
73813607,1,0.5138,Moyen
73813628,0,0.3232,Moyen
73813644,0,0.2595,Faible
73813670,0,0.3375,Moyen
73813692,1,0.9977,Haut
73813835,0,0.1771,Faible
73813837,0,0.265,Faible
73814019,1,0.9977,Haut
73814114,0,0.3818,Moyen
73814135,0,0.3942,Moyen
73814221,0,0.3302,Moyen
73814226,1,0.998,Haut
73814228,0,0.2637,Faible
73814247,0,0.2511,Faible
73814266,0,0.5682,Moyen
73814267,1,0.3161,Moyen
73814296,0,0.5682,Moyen
73814387,1,0.3372,Moyen
73814406,1,0.3902,Moyen
73814453,1,0.331,Moyen
73814492,0,0.2426,Faible
73814508,0,0.5722,Moyen
73814523,1,0.9978,Haut
73814531,1,0.9978,Haut
73814534,0,0.4497,Moyen
73814542,1,0.9978,Haut
73814547,0,0.4155,Moyen
73814660,0,0.0077,Faible
73814784,0,0.3905,Moyen
73814787,0,0.2553,Faible
73814789,0,0.2286,Faible
73814793,0,0.5722,Moyen
73814798,0,0.0052,Faible
73814801,0,0.3948,Moyen
73814810,0,0.5912,Moyen
73814842,0,0.2841,Faible
73814854,1,0.9977,Haut
73814862,0,0.1844,Faible
73814867,1,0.9978,Haut
73814871,0,0.2992,Faible
73814878,0,0.2274,Faible
73815024,0,0.383,Moyen
73815029,0,0.0093,Faible
73815222,0,0.3468,Moyen
73815223,1,0.5402,Moyen
73815317,1,0.9977,Haut
73815319,1,0.9969,Haut
73815323,1,0.9977,Haut
73815330,0,0.0055,Faible
73815353,1,0.2304,Faible
73815363,0,0.1548,Faible
73815395,1,0.6495,Haut
73815585,0,0.0078,Faible
73815593,1,0.9978,Haut
73815617,0,0.3546,Moyen
73815639,1,0.5852,Moyen
73815653,0,0.1545,Faible
73815699,0,0.2115,Faible
73815700,0,0.2456,Faible
73815724,0,0.1769,Faible
73815731,0,0.3967,Moyen
73815734,0,0.383,Moyen
73815739,0,0.2745,Faible
73815741,0,0.0173,Faible
73815743,0,0.6374,Haut
73815746,1,0.3942,Moyen
73815756,1,0.4263,Moyen
73815757,1,0.9977,Haut
73815760,0,0.0078,Faible
73815761,0,0.1089,Faible
73815763,1,0.5402,Moyen
73815765,0,0.1285,Faible
73815767,0,0.2274,Faible
73815772,0,0.2803,Faible
73815776,0,0.3984,Moyen
73815778,0,0.3988,Moyen
73815779,0,0.4987,Moyen
73815780,0,0.0197,Faible
73815787,0,0.3134,Moyen
73815788,0,0.3115,Moyen
73815791,0,0.3472,Moyen
73815792,0,0.3017,Moyen
73815795,0,0.5254,Moyen
73815804,0,0.2499,Faible
73816008,0,0.0213,Faible
73816019,0,0.3988,Moyen
73816033,0,0.2484,Faible
73816043,1,0.366,Moyen
73816050,0,0.0068,Faible
73816084,0,0.4731,Moyen
73816125,0,0.4016,Moyen
73816159,0,0.335,Moyen
73816204,0,0.1697,Faible
73816205,0,0.3494,Moyen
73816212,0,0.0078,Faible
73816292,0,0.0093,Faible
73816524,0,0.2993,Faible
73816680,0,0.5682,Moyen
73816686,0,0.0964,Faible
73816688,0,0.0785,Faible
73816722,0,0.012,Faible
73816735,0,0.1444,Faible
73816924,1,0.9978,Haut
73816944,0,0.3451,Moyen
73816952,1,0.998,Haut
73816979,1,0.9978,Haut
73817088,0,0.3451,Moyen
73817377,0,0.0093,Faible
73817625,1,0.9973,Haut
73818013,0,0.402,Moyen
73818039,0,0.2175,Faible
73818061,0,0.2754,Faible
73818094,0,0.3232,Moyen
73818097,0,0.2437,Faible
73818101,0,0.2637,Faible
73818117,0,0.0707,Faible
73818127,0,0.2083,Faible
73818132,0,0.3691,Moyen
73818134,0,0.3258,Moyen
73818135,0,0.2864,Faible
73818137,0,0.4509,Moyen
73818138,1,0.9969,Haut
73818317,0,0.2027,Faible
73818319,0,0.2967,Faible
73818331,0,0.2921,Faible
73818336,0,0.6495,Haut
73818337,0,0.3919,Moyen
73818343,0,0.3919,Moyen
73818360,0,0.1713,Faible
73818408,0,0.0274,Faible
73818418,0,0.0062,Faible
73818425,0,0.0314,Faible
73818434,1,0.3017,Moyen
73818436,0,0.0055,Faible
73818442,0,0.0135,Faible
73818826,0,0.5347,Moyen
73818846,0,0.6858,Haut
73818853,0,0.3813,Moyen
73818855,0,0.4174,Moyen
73818860,0,0.1118,Faible
73819136,1,0.9969,Haut
73819142,0,0.1659,Faible
73819157,1,0.4921,Moyen
73819178,0,0.2116,Faible
73819210,0,0.5402,Moyen
73819218,0,0.2543,Faible
73819242,0,0.479,Moyen
73819253,0,0.0132,Faible
73819258,0,0.3962,Moyen
73819262,0,0.3025,Moyen
73819266,0,0.0141,Faible
73819268,1,0.4451,Moyen
73819523,0,0.3919,Moyen
73819534,0,0.0153,Faible
73819541,0,0.1248,Faible
73819567,0,0.0135,Faible
73819601,0,0.0168,Faible
73819607,0,0.1952,Faible
73819678,0,0.2526,Faible
73819709,0,0.3468,Moyen
73819727,0,0.1177,Faible
73820064,1,0.9977,Haut
73820065,1,0.998,Haut
73820098,1,0.0259,Faible
73820280,1,0.4556,Moyen
73820290,0,0.0092,Faible
73820356,1,0.9967,Haut
73820484,0,0.3549,Moyen
73820489,1,0.3988,Moyen
73820574,0,0.0279,Faible
73820602,0,0.0146,Faible
73820618,0,0.3372,Moyen
73820638,1,0.9977,Haut
73820665,0,0.3232,Moyen
73820686,0,0.0114,Faible
73820847,1,0.3962,Moyen
73820870,1,0.998,Haut
73820932,1,0.9977,Haut
73821020,0,0.0059,Faible
73821047,1,0.9967,Haut
73821057,0,0.4263,Moyen
73821081,1,0.9977,Haut
73821087,1,0.3988,Moyen
73821123,1,0.9977,Haut
73821130,0,0.1289,Faible
73821131,1,0.3254,Moyen
73821178,1,0.9973,Haut
73821300,0,0.0078,Faible
73821302,0,0.0078,Faible
73821303,0,0.0078,Faible
73821355,1,0.9977,Haut
73821386,0,0.0123,Faible
73821654,1,0.9978,Haut
73821730,1,0.9977,Haut
73821904,0,0.3163,Moyen
73821994,0,0.0151,Faible
73822015,0,0.0043,Faible
73822017,1,0.9977,Haut
73822021,1,0.9977,Haut
73822029,0,0.0113,Faible
73822032,1,0.6665,Haut
73822111,1,0.998,Haut
73822188,1,0.998,Haut
73822221,1,0.998,Haut
73822506,0,0.0237,Faible
73822509,1,0.9978,Haut
73822528,1,0.1755,Faible
73822536,1,0.9973,Haut
73822585,1,0.9963,Haut
73822777,1,0.998,Haut
73822883,1,0.6661,Haut
73822885,1,0.9967,Haut
73823229,1,0.3988,Moyen
73823278,1,0.9969,Haut
73823294,0,0.3022,Moyen
73823325,0,0.3165,Moyen
73823501,1,0.3591,Moyen
73823502,1,0.2395,Faible
73823518,1,0.9977,Haut
73823520,1,0.5593,Moyen
73823724,1,0.9967,Haut
73823727,0,0.1423,Faible
73823817,0,0.3624,Moyen
73823904,0,0.0974,Faible
73823915,0,0.3017,Moyen
73823991,0,0.1622,Faible
73823992,1,0.1139,Faible
73823996,1,0.5682,Moyen
73824317,1,0.9967,Haut
73824369,1,0.2082,Faible
73824406,1,0.9977,Haut
73824707,1,0.4736,Moyen
73824733,0,0.2973,Faible
73824749,1,0.4283,Moyen
73824762,1,0.9977,Haut
73824796,0,0.3161,Moyen
73824808,0,0.3163,Moyen
73824809,0,0.2878,Faible
73824836,0,0.4158,Moyen
73824856,0,0.3864,Moyen
73824914,0,0.0138,Faible
73824921,0,0.2999,Faible
73824986,1,0.9969,Haut
73824993,0,0.4263,Moyen
73825369,1,0.9977,Haut
73825490,0,0.0196,Faible
73826024,0,0.2251,Faible
73826026,0,0.1552,Faible
73826041,1,0.3163,Moyen
73826115,0,0.3021,Moyen
73826209,0,0.2761,Faible
73826247,1,0.9978,Haut
73826337,0,0.347,Moyen
73826411,0,0.0085,Faible
73826462,0,0.0173,Faible
73826475,1,0.9967,Haut
73826478,0,0.108,Faible
73826542,0,0.0379,Faible
73826773,0,0.248,Faible
73826905,0,0.0081,Faible
73827222,0,0.0314,Faible
73827227,0,0.3163,Moyen
73827249,0,0.0085,Faible
73827258,1,0.9978,Haut
73827259,0,0.334,Moyen
73827272,0,0.2861,Faible
73827403,1,0.6944,Haut
73827459,0,0.0097,Faible
73827473,0,0.4086,Moyen
73827492,0,0.0123,Faible
73827506,0,0.0495,Faible
73827513,0,0.2247,Faible
73827530,1,0.9978,Haut
73827550,0,0.1572,Faible
73827554,0,0.0086,Faible
73827556,0,0.014,Faible
73827594,0,0.1459,Faible
73827601,0,0.2649,Faible
73827604,1,0.6642,Haut
73827617,0,0.1556,Faible
73827618,0,0.0125,Faible
73827803,0,0.2878,Faible
73827807,0,0.1209,Faible
73827848,0,0.0802,Faible
73827899,1,0.9978,Haut
73827910,1,0.58,Moyen
73827943,0,0.2452,Faible
73827964,0,0.0202,Faible
73827969,0,0.2511,Faible
73827971,0,0.3988,Moyen
73828019,0,0.3962,Moyen
73828116,1,0.9978,Haut
73828121,0,0.4263,Moyen
73828148,1,0.5884,Moyen
73828149,0,0.1444,Faible
73828172,0,0.235,Faible
73828183,0,0.3919,Moyen
73828199,1,0.9978,Haut
73828200,1,0.2399,Faible
73828214,0,0.0758,Faible
73828221,0,0.2355,Faible
73828235,0,0.0176,Faible
73828240,0,0.009,Faible
73828250,0,0.0096,Faible
73828259,0,0.2898,Faible
73828264,0,0.0084,Faible
73828404,0,0.2719,Faible
73828429,0,0.1152,Faible
73828434,0,0.2399,Faible
73828510,0,0.4263,Moyen
73828549,0,0.1459,Faible
73828552,0,0.2946,Faible
73828667,0,0.0126,Faible
73828937,1,0.9967,Haut
73829301,0,0.0101,Faible
73832492,0,0.014,Faible
73834045,0,0.0206,Faible
73834057,1,0.9977,Haut
73834079,0,0.0206,Faible
73834094,0,0.28,Faible
73834116,1,0.9977,Haut
73834118,0,0.012,Faible
73834122,0,0.0226,Faible
73834211,0,0.5359,Moyen
73834239,0,0.0207,Faible
73834242,0,0.467,Moyen
73834248,1,0.9978,Haut
73834308,0,0.0068,Faible
73834335,0,0.0192,Faible
73834337,0,0.0163,Faible
73834356,0,0.0237,Faible
73834374,1,0.9977,Haut
73834384,1,0.9978,Haut
73834385,0,0.0084,Faible
73834438,0,0.0269,Faible
73834498,1,0.9978,Haut
73834550,0,0.0083,Faible
73834579,0,0.0507,Faible
73834631,1,0.1781,Faible
73834658,0,0.0247,Faible
73834663,0,0.0151,Faible
73834673,1,0.9969,Haut
73834678,0,0.0243,Faible
73834710,0,0.0062,Faible
73834777,0,0.0506,Faible
73834821,1,0.9978,Haut
73834836,0,0.0066,Faible
73834893,1,0.2464,Faible
73834896,0,0.0099,Faible
73834940,1,0.2953,Faible
73834941,1,0.9977,Haut
73834947,0,0.5684,Moyen
73834960,1,0.9978,Haut
73834964,0,0.5464,Moyen
73834986,0,0.0104,Faible
73835014,1,0.9978,Haut
73835017,0,0.0116,Faible
73835116,1,0.0273,Faible
73835218,1,0.2616,Faible
73835242,0,0.1007,Faible
73835253,0,0.2974,Faible
73835302,1,0.3163,Moyen
73835325,1,0.9978,Haut
73835388,1,0.998,Haut
73835414,1,0.9978,Haut
73835428,0,0.0082,Faible
73835436,1,0.9977,Haut
73835456,1,0.9967,Haut
73835480,0,0.0058,Faible
73835490,0,0.0118,Faible
73835501,0,0.0133,Faible
73835531,0,0.0314,Faible
73835535,0,0.0114,Faible
73835541,0,0.0136,Faible
73835547,1,0.9978,Haut
73835579,0,0.2445,Faible
73835652,1,0.6944,Haut
73835694,1,0.2251,Faible
73835727,0,0.0066,Faible
73835737,0,0.3182,Moyen
73835788,0,0.0314,Faible
73835799,0,0.0101,Faible
73835800,0,0.2399,Faible
73835862,0,0.3232,Moyen
73835864,0,0.0092,Faible
73835930,0,0.589,Moyen
73835937,1,0.3893,Moyen
73835972,1,0.9967,Haut
73835976,0,0.3468,Moyen
73836007,0,0.5402,Moyen
73836023,0,0.4825,Moyen
73836059,0,0.0147,Faible
73836138,0,0.0168,Faible
73836162,1,0.9977,Haut
73836165,1,0.9977,Haut
73836187,1,0.9967,Haut
73836189,0,0.0063,Faible
73836206,1,0.9977,Haut
73836216,0,0.0093,Faible
73836220,0,0.0226,Faible
73836226,1,0.3893,Moyen
73836227,0,0.0068,Faible
73836231,1,0.9977,Haut
73836239,1,0.9978,Haut
73836242,1,0.2484,Faible
73836269,1,0.9977,Haut
73836271,0,0.0106,Faible
73836297,0,0.0107,Faible
73836298,0,0.0643,Faible
73840204,0,0.2518,Faible
73840226,0,0.2878,Faible
73840232,0,0.5682,Moyen
73840235,1,0.9977,Haut
73840262,0,0.3988,Moyen
73840264,0,0.1459,Faible
73840282,0,0.3919,Moyen
73840296,0,0.4263,Moyen
73840517,0,0.402,Moyen
73840534,1,0.9977,Haut
73840549,1,0.9978,Haut
73840560,1,0.2383,Faible
73840571,0,0.3468,Moyen
73840576,0,0.1198,Faible
73840580,0,0.1995,Faible
73840591,1,0.3314,Moyen
73840593,0,0.4414,Moyen
73841004,0,0.3192,Moyen
73841018,0,0.3988,Moyen
73841035,0,0.3017,Moyen
73841036,0,0.0196,Faible
73841057,1,0.2847,Faible
73841060,1,0.4263,Moyen
73841073,1,0.9973,Haut
73841080,0,0.3768,Moyen
73841088,0,0.1899,Faible
73841210,1,0.9974,Haut
73841223,1,0.3451,Moyen
73841238,0,0.1494,Faible
73841241,1,0.1646,Faible
73841250,0,0.1295,Faible
73841251,1,0.5726,Moyen
73841255,1,0.4263,Moyen
73841260,0,0.6495,Haut
73841408,0,0.3388,Moyen
73841414,0,0.0163,Faible
73841416,0,0.1606,Faible
73841425,0,0.4263,Moyen
73841448,0,0.2592,Faible
73841455,1,0.9977,Haut
73841461,0,0.1731,Faible
73841489,0,0.3679,Moyen
73841497,0,0.0173,Faible
73843034,0,0.6495,Haut
73847106,0,0.2511,Faible
73847182,0,0.3978,Moyen
73847197,0,0.402,Moyen
73847205,1,0.9977,Haut
73847208,1,0.9978,Haut
73847217,0,0.2489,Faible
73847249,1,0.9978,Haut
73847259,1,0.9978,Haut
73847271,1,0.58,Moyen
73847290,1,0.3691,Moyen
73847504,0,0.2403,Faible
73847589,0,0.3988,Moyen
73847621,0,0.3942,Moyen
73847624,0,0.3388,Moyen
73847631,1,0.9978,Haut
73847654,1,0.9978,Haut
73847655,0,0.3232,Moyen
73847671,0,0.3161,Moyen
73847692,1,0.9978,Haut
73847696,0,0.2718,Faible
73847699,0,0.3161,Moyen
73847700,0,0.2718,Faible
73847702,0,0.0103,Faible
73847706,0,0.3988,Moyen
73847740,1,0.9978,Haut
73847759,0,0.0785,Faible
73847805,1,0.9967,Haut
73847823,1,0.9978,Haut
73847895,1,0.9969,Haut
73847901,1,0.3962,Moyen
73847926,0,0.4263,Moyen
73847929,1,0.9978,Haut
73847931,1,0.9978,Haut
73847939,0,0.3988,Moyen
73848222,1,0.9977,Haut
73848256,0,0.0162,Faible
73848272,0,0.3,Faible
73848306,1,0.9965,Haut
73848318,0,0.2044,Faible
73848322,1,0.9977,Haut
73848330,0,0.5402,Moyen
73848344,0,0.1287,Faible
73848352,0,0.321,Moyen
73848353,1,0.3181,Moyen
73848356,0,0.4517,Moyen
73848363,0,0.4263,Moyen
73848472,1,0.5978,Moyen
73848473,0,0.4162,Moyen
73848502,1,0.9973,Haut
73848503,0,0.0222,Faible
73848539,0,0.4144,Moyen
73848548,0,0.4144,Moyen
73848582,0,0.0165,Faible
73848592,0,0.6642,Haut
73848913,0,0.4263,Moyen
73848915,1,0.9978,Haut
73848919,1,0.3192,Moyen
73848924,1,0.2247,Faible
73848926,0,0.2337,Faible
73848927,0,0.078,Faible
73848932,0,0.3988,Moyen
73848933,0,0.4263,Moyen
73848935,0,0.0672,Faible
73848947,1,0.9978,Haut
73848952,1,0.2243,Faible
73848958,1,0.9967,Haut
73848975,0,0.3988,Moyen
73848983,1,0.9978,Haut
73848984,1,0.9967,Haut
73848987,0,0.1676,Faible
73848996,0,0.0246,Faible
73848997,0,0.2331,Faible
73849004,0,0.2694,Faible
73849065,0,0.3294,Moyen
73849072,0,0.1458,Faible
73849089,0,0.2511,Faible
73849099,0,0.0134,Faible
73849174,1,0.9978,Haut
73849187,0,0.245,Faible
73849193,0,0.3014,Moyen
73849209,0,0.3818,Moyen
73849212,0,0.2012,Faible
73849219,0,0.2511,Faible
73849263,1,0.9978,Haut
73849285,0,0.3525,Moyen
73849292,1,0.9977,Haut
73849300,1,0.5113,Moyen
73849339,0,0.2596,Faible
73849354,0,0.1223,Faible
73850013,0,0.3988,Moyen
73850023,0,0.3919,Moyen
73850055,1,0.3548,Moyen
73850061,0,0.014,Faible
73850065,0,0.2041,Faible
73850130,0,0.3163,Moyen
73850131,1,0.9977,Haut
73850133,0,0.2542,Faible
73850156,0,0.0192,Faible
73850268,0,0.0124,Faible
73850269,1,0.9977,Haut
73850281,0,0.3978,Moyen
73850317,1,0.3493,Moyen
73850381,0,0.5722,Moyen
73850387,1,0.4798,Moyen
73850402,0,0.2468,Faible
73850412,0,0.1758,Faible
73850422,0,0.0596,Faible
73850423,0,0.0076,Faible
73850437,0,0.3212,Moyen
73850464,0,0.1237,Faible
73850476,1,0.9978,Haut
73850485,0,0.1862,Faible
73850554,0,0.3919,Moyen
73850647,0,0.22,Faible
73850669,0,0.1582,Faible
73850773,1,0.2637,Faible
73850922,0,0.0103,Faible
73850958,0,0.3814,Moyen
73850969,1,0.4263,Moyen
73850985,1,0.9977,Haut
73850989,0,0.0161,Faible
73851013,0,0.0937,Faible
73851045,0,0.0054,Faible
73851061,0,0.4789,Moyen
73851076,0,0.6495,Haut
73851078,0,0.2496,Faible
73851245,1,0.4155,Moyen
73851256,0,0.2115,Faible
73851271,0,0.3445,Moyen
73851286,0,0.1198,Faible
73851288,1,0.9978,Haut
73851289,0,0.2433,Faible
73851291,0,0.3525,Moyen
73851295,1,0.2272,Faible
73851302,0,0.3232,Moyen
73851304,0,0.3648,Moyen
73851305,0,0.305,Moyen
73851312,0,0.22,Faible
73851317,0,0.382,Moyen
73851330,1,0.9977,Haut
73851336,0,0.3184,Moyen
73851344,0,0.3161,Moyen
73851408,0,0.0274,Faible
73851484,0,0.0235,Faible
73851521,0,0.1406,Faible
73851528,1,0.9967,Haut
73851539,0,0.2511,Faible
73851556,1,0.9978,Haut
73851559,0,0.3423,Moyen
73851569,1,0.9978,Haut
73851572,1,0.5703,Moyen
73851575,1,0.9977,Haut
73851577,0,0.3017,Moyen
73851591,0,0.1233,Faible
73851606,0,0.2267,Faible
73851615,0,0.2138,Faible
73851621,1,0.9967,Haut
73851625,0,0.5588,Moyen
73851627,1,0.9978,Haut
73851631,1,0.3994,Moyen
73851836,0,0.008,Faible
73851898,0,0.012,Faible
73852002,0,0.3254,Moyen
73852012,0,0.5884,Moyen
73852018,0,0.1827,Faible
73852019,0,0.402,Moyen
73852020,0,0.3468,Moyen
73852027,1,0.9964,Haut
73852030,1,0.311,Moyen
73852067,1,0.3014,Moyen
73852069,1,0.0262,Faible
73852074,1,0.9978,Haut
73852089,1,0.9973,Haut
73852101,1,0.235,Faible
73852102,0,0.2878,Faible
73852127,1,0.9978,Haut
73852145,0,0.2731,Faible
73852146,0,0.5884,Moyen
73852172,1,0.6184,Haut
73852180,0,0.1719,Faible
73852186,1,0.9977,Haut
73852190,0,0.3796,Moyen
73852202,1,0.9977,Haut
73852210,1,0.3445,Moyen
73852212,0,0.2892,Faible
73852219,0,0.2055,Faible
73852237,0,0.3184,Moyen
73852239,1,0.9977,Haut
73852241,0,0.5402,Moyen
73852244,1,0.9977,Haut
73852247,0,0.2274,Faible
73852258,0,0.589,Moyen
73852260,0,0.3691,Moyen
73852282,0,0.6495,Haut
73852296,0,0.3988,Moyen
73852306,1,0.9977,Haut
73852330,0,0.5884,Moyen
73852332,0,0.3017,Moyen
73852343,0,0.4531,Moyen
73852345,0,0.3695,Moyen
73852346,1,0.3689,Moyen
73852352,0,0.331,Moyen
73852357,0,0.3904,Moyen
73852422,0,0.2012,Faible
73852449,0,0.3317,Moyen
73852466,0,0.2731,Faible
73852480,0,0.1612,Faible
73852516,0,0.1455,Faible
73852518,0,0.3017,Moyen
73852522,1,0.479,Moyen
73852528,0,0.2012,Faible
73852533,0,0.3555,Moyen
73852562,0,0.3349,Moyen
73853081,0,0.4789,Moyen
73853094,0,0.0134,Faible
73853116,0,0.1788,Faible
73853228,0,0.0237,Faible
73853230,0,0.0092,Faible
73853231,0,0.0191,Faible
73853232,0,0.011,Faible
73853236,0,0.0166,Faible
73853237,0,0.0198,Faible
73853484,0,0.2511,Faible
73853489,0,0.5012,Moyen
73854065,1,0.9978,Haut
73854532,0,0.2878,Faible
73855015,0,0.0314,Faible
73855020,0,0.3417,Moyen
73855032,0,0.1601,Faible
73855033,0,0.0244,Faible
73855042,0,0.022,Faible
73855088,1,0.9977,Haut
73855098,0,0.0274,Faible
73855132,0,0.3079,Moyen
73855133,1,0.9978,Haut
73855209,0,0.2268,Faible
73855309,1,0.9978,Haut
73855468,0,0.2511,Faible
73855474,1,0.9977,Haut
73855557,0,0.0286,Faible
73855562,1,0.9977,Haut
73855566,0,0.0197,Faible
73859076,0,0.5167,Moyen
73859082,1,0.9977,Haut
73859093,1,0.3115,Moyen
73859165,1,0.9977,Haut
73859305,0,0.3184,Moyen
73859307,0,0.3919,Moyen
73859310,0,0.0409,Faible
73859314,0,0.0068,Faible
73859316,0,0.0249,Faible
73859334,0,0.2308,Faible
73859336,0,0.402,Moyen
73859340,0,0.321,Moyen
73859348,0,0.0112,Faible
73859349,0,0.3319,Moyen
73859350,0,0.2153,Faible
73859354,0,0.5012,Moyen
73859377,0,0.0181,Faible
73859388,0,0.0274,Faible
73859389,0,0.2864,Faible
73859390,0,0.3702,Moyen
73859392,1,0.9977,Haut
73859394,1,0.9977,Haut
74209051,0,0.2054,Faible
74209053,0,0.1815,Faible
74209353,0,0.3232,Moyen
74209412,0,0.5254,Moyen
74209423,0,0.3678,Moyen
74209481,0,0.3232,Moyen
74430508,0,0.2489,Faible
74430542,0,0.2203,Faible
74430589,0,0.22,Faible
74430627,0,0.22,Faible
